uid,text,category,video_path,exists,extension,word,word_id,relation_type,source_csv,example_count,description_count
0FUZJWoZ7Ho_e1,The story spends too much time on trivial matters.,example_sentence,,0,,trivial,0FUZJWoZ7Ho_w,contains_word,word-presence-dataset_v1.1.csv,0,0
0gXoXdqFarg_e1,"She received Rs 40,000 in compensation for a lost eye.",example_sentence,,0,,compensation,0gXoXdqFarg_w,contains_word,word-presence-dataset_v1.1.csv,0,0
0gXoXdqFarg_e2,You should claim/seek compensation.,example_sentence,,0,,compensation,0gXoXdqFarg_w,contains_word,word-presence-dataset_v1.1.csv,0,0
0gXoXdqFarg_e3,Going to court to obtain compensation is a long process.,example_sentence,,0,,compensation,0gXoXdqFarg_w,contains_word,word-presence-dataset_v1.1.csv,0,0
0gXoXdqFarg_e4,You'll have to spend a small fortune in legal fees if you decide to sue for compensation.,example_sentence,,0,,compensation,0gXoXdqFarg_w,contains_word,word-presence-dataset_v1.1.csv,0,0
0k_QNlHob74_e1,Our car broke down and we had to push it off the road.,example_sentence,,0,,break down,0k_QNlHob74_w,contains_word,word-presence-dataset_v1.1.csv,0,0
0k_QNlHob74_e2,The school bus broke down and had to be towed to the nearest garage.,example_sentence,,0,,break down,0k_QNlHob74_w,contains_word,word-presence-dataset_v1.1.csv,0,0
0k_QNlHob74_e3,Oh no - has your washing machine broken down again?,example_sentence,,0,,break down,0k_QNlHob74_w,contains_word,word-presence-dataset_v1.1.csv,0,0
0pth6-vW81w_e1,You need to be more decisive,example_sentence,,0,,decisive,0pth6-vW81w_w,contains_word,word-presence-dataset_v1.1.csv,0,0
0pth6-vW81w_e2,Man is a decisive factor in doing everything.,example_sentence,,0,,decisive,0pth6-vW81w_w,contains_word,word-presence-dataset_v1.1.csv,0,0
0pth6-vW81w_e3,The government must take decisive action on gun control.,example_sentence,,0,,decisive,0pth6-vW81w_w,contains_word,word-presence-dataset_v1.1.csv,0,0
0pth6-vW81w_e4,In business Ajay was clear-headed and decisive.,example_sentence,,0,,decisive,0pth6-vW81w_w,contains_word,word-presence-dataset_v1.1.csv,0,0
0u6f9dxpCAI_e1,"The matter is closed, "" said the health minister.",example_sentence,,0,,minister,0u6f9dxpCAI_w,contains_word,word-presence-dataset_v1.1.csv,0,0
0WtA2tG2DYA_e1,He's never had much tact and people don't like his blunt manner.,example_sentence,,0,,tact,0WtA2tG2DYA_w,contains_word,word-presence-dataset_v1.1.csv,0,0
0YoN6sdJ84Y_e1,She's not really hurt - she's only pretending.,example_sentence,,0,,pretend,0YoN6sdJ84Y_w,contains_word,word-presence-dataset_v1.1.csv,0,0
0YoN6sdJ84Y_e2,I used to pretend when I was young.,example_sentence,,0,,pretend,0YoN6sdJ84Y_w,contains_word,word-presence-dataset_v1.1.csv,0,0
1A_qjxuOGNg_e1,She had no qualms about lying to the police.,example_sentence,,0,,qulam,1A_qjxuOGNg_w,contains_word,word-presence-dataset_v1.1.csv,0,0
1BN1txMJPpo_e1,"I don't like potatoes,"" he moaned.",example_sentence,,0,,moan,1BN1txMJPpo_w,contains_word,word-presence-dataset_v1.1.csv,0,0
1k-AsMjTZbI_e1,We must take action (= do something) to deal with the problem before it spreads to other areas.,example_sentence,,0,,action,1k-AsMjTZbI_w,contains_word,word-presence-dataset_v1.1.csv,0,0
1k-AsMjTZbI_e2,The army are said to be ready for action.,example_sentence,,0,,action,1k-AsMjTZbI_w,contains_word,word-presence-dataset_v1.1.csv,0,0
1Kus_VFkXlk_e1,"If the pain persists, consult a doctor.",example_sentence,,0,,persist,1Kus_VFkXlk_w,contains_word,word-presence-dataset_v1.1.csv,0,0
1Kus_VFkXlk_e2,The cold weather is set to persist throughout the week.,example_sentence,,0,,persist,1Kus_VFkXlk_w,contains_word,word-presence-dataset_v1.1.csv,0,0
1Kus_VFkXlk_e3,Must you persist in blaming yourself for what happened?,example_sentence,,0,,persist,1Kus_VFkXlk_w,contains_word,word-presence-dataset_v1.1.csv,0,0
1Kus_VFkXlk_e4,"Despite this accumulation of evidence, the government persisted in doing nothing.",example_sentence,,0,,persist,1Kus_VFkXlk_w,contains_word,word-presence-dataset_v1.1.csv,0,0
1TqHCiBoJMs_e1,Jack has obtained a medical qualification.,example_sentence,,0,,obtain,1TqHCiBoJMs_w,contains_word,word-presence-dataset_v1.1.csv,0,0
1TqHCiBoJMs_e2,She was finally able to obtain legal possession of the house.,example_sentence,,0,,obtain,1TqHCiBoJMs_w,contains_word,word-presence-dataset_v1.1.csv,0,0
1TqHCiBoJMs_e3,Admission is obtained by written application.,example_sentence,,0,,obtain,1TqHCiBoJMs_w,contains_word,word-presence-dataset_v1.1.csv,0,0
1TqHCiBoJMs_e4,He obtained his first job through the milk round.,example_sentence,,0,,obtain,1TqHCiBoJMs_w,contains_word,word-presence-dataset_v1.1.csv,0,0
1y33mnpgqyE_e1,The bill amount Rs.20000 includes tax and service.,example_sentence,,0,,include,1y33mnpgqyE_w,contains_word,word-presence-dataset_v1.1.csv,0,0
21Toxytaq_A_e1,More money is needed to bolster the industry.,example_sentence,,0,,bolster,21Toxytaq_A_w,contains_word,word-presence-dataset_v1.1.csv,0,0
21Toxytaq_A_e2,They need to do something to bolster their image,example_sentence,,0,,bolster,21Toxytaq_A_w,contains_word,word-presence-dataset_v1.1.csv,0,0
21Toxytaq_A_e3,The government borrowed money to bolster up the economy.,example_sentence,,0,,bolster,21Toxytaq_A_w,contains_word,word-presence-dataset_v1.1.csv,0,0
21Toxytaq_A_e4,He is making a bold attempt to bolster the territory's confidence.,example_sentence,,0,,bolster,21Toxytaq_A_w,contains_word,word-presence-dataset_v1.1.csv,0,0
29HmB-dzhZo_e1,"He was on his knees, pleading for mercy/forgiveness.",example_sentence,,0,,plead,29HmB-dzhZo_w,contains_word,word-presence-dataset_v1.1.csv,0,0
2A5tpFkt8ic_e1,She seems to exult in her power.,example_sentence,,0,,exult,2A5tpFkt8ic_w,contains_word,word-presence-dataset_v1.1.csv,0,0
2BPZs83dBQg_e1,"I didn't particularly want to go, but I had to.",example_sentence,,0,,particularly,2BPZs83dBQg_w,contains_word,word-presence-dataset_v1.1.csv,0,0
2BPZs83dBQg_e2,I was never a particularly academic child.,example_sentence,,0,,particularly,2BPZs83dBQg_w,contains_word,word-presence-dataset_v1.1.csv,0,0
2BPZs83dBQg_e3,They don't seem particularly worried about the situation.,example_sentence,,0,,particularly,2BPZs83dBQg_w,contains_word,word-presence-dataset_v1.1.csv,0,0
2BPZs83dBQg_e4,"His books aren't particularly well-written, but they're always entertaining.",example_sentence,,0,,particularly,2BPZs83dBQg_w,contains_word,word-presence-dataset_v1.1.csv,0,0
2Fq4W-J5MZw_e1,She is continually abusing her position/authority by getting other people to do things for her.,example_sentence,,0,,abuse,2Fq4W-J5MZw_w,contains_word,word-presence-dataset_v1.1.csv,0,0
2H-t8bYQGUE_e1,My work time is flexible.,example_sentence,,0,,flexible,2H-t8bYQGUE_w,contains_word,word-presence-dataset_v1.1.csv,0,0
2H-t8bYQGUE_e2,You should learn to be flexible.,example_sentence,,0,,flexible,2H-t8bYQGUE_w,contains_word,word-presence-dataset_v1.1.csv,0,0
2H-t8bYQGUE_e3,We should use our resources in a flexible way.,example_sentence,,0,,flexible,2H-t8bYQGUE_w,contains_word,word-presence-dataset_v1.1.csv,0,0
2H-t8bYQGUE_e4,We need to make the working day more flexible,example_sentence,,0,,flexible,2H-t8bYQGUE_w,contains_word,word-presence-dataset_v1.1.csv,0,0
2ldqLNKUekA_e1,Politeness is traditionally part of the British character.,example_sentence,,0,,character,2ldqLNKUekA_w,contains_word,word-presence-dataset_v1.1.csv,0,0
2ldqLNKUekA_e2,It would be very out of character (= not typical) of her to lie.,example_sentence,,0,,character,2ldqLNKUekA_w,contains_word,word-presence-dataset_v1.1.csv,0,0
2ldqLNKUekA_e3,It's not in his character to be (= he is not usually) jealous.,example_sentence,,0,,character,2ldqLNKUekA_w,contains_word,word-presence-dataset_v1.1.csv,0,0
2ldqLNKUekA_e4,One of the joys of being a parent is watching the child's character develop.,example_sentence,,0,,character,2ldqLNKUekA_w,contains_word,word-presence-dataset_v1.1.csv,0,0
2LUrrdA633g_e1,I cannot predict what will happen next year.,example_sentence,,0,,predict,2LUrrdA633g_w,contains_word,word-presence-dataset_v1.1.csv,0,0
2LUrrdA633g_e2,Heavy snowfalls are predicted for tonight and tomorrow.,example_sentence,,0,,predict,2LUrrdA633g_w,contains_word,word-presence-dataset_v1.1.csv,0,0
2LUrrdA633g_e3,No one can predict when the disease will strike again.,example_sentence,,0,,predict,2LUrrdA633g_w,contains_word,word-presence-dataset_v1.1.csv,0,0
2LUrrdA633g_e4,We can predict changes in climate with a surprising degree of accuracy.,example_sentence,,0,,predict,2LUrrdA633g_w,contains_word,word-presence-dataset_v1.1.csv,0,0
2nJ6ahb45OU_e1,Bob and I have been buddies for years.,example_sentence,,0,,buddy,2nJ6ahb45OU_w,contains_word,word-presence-dataset_v1.1.csv,0,0
2nJ6ahb45OU_e2,We were great buddies and did many things together.,example_sentence,,0,,buddy,2nJ6ahb45OU_w,contains_word,word-presence-dataset_v1.1.csv,0,0
2nJ6ahb45OU_e3,They had become the best of buddies.,example_sentence,,0,,buddy,2nJ6ahb45OU_w,contains_word,word-presence-dataset_v1.1.csv,0,0
2nJ6ahb45OU_e4,"Hi buddy, I miss you too.",example_sentence,,0,,buddy,2nJ6ahb45OU_w,contains_word,word-presence-dataset_v1.1.csv,0,0
2_qktKmVcNQ_e1,She was a pretty savvy woman,example_sentence,,0,,savvy,2_qktKmVcNQ_w,contains_word,word-presence-dataset_v1.1.csv,0,0
2_qktKmVcNQ_e2,Both companies are founded upon savvy business ideas.,example_sentence,,0,,savvy,2_qktKmVcNQ_w,contains_word,word-presence-dataset_v1.1.csv,0,0
2_qktKmVcNQ_e3,Children today are much savvier than they used to be.,example_sentence,,0,,savvy,2_qktKmVcNQ_w,contains_word,word-presence-dataset_v1.1.csv,0,0
2_qktKmVcNQ_e4,She has shown herself to be politically savvy.,example_sentence,,0,,savvy,2_qktKmVcNQ_w,contains_word,word-presence-dataset_v1.1.csv,0,0
2rrQeCAecbU_e1,"Let's confine our discussion to the matter in question, please!",example_sentence,,0,,confine,2rrQeCAecbU_w,contains_word,word-presence-dataset_v1.1.csv,0,0
2rrQeCAecbU_e2,Please confine your use of the phone to business calls.,example_sentence,,0,,confine,2rrQeCAecbU_w,contains_word,word-presence-dataset_v1.1.csv,0,0
2rrQeCAecbU_e3,The animals were confined in a large pen.,example_sentence,,0,,confine,2rrQeCAecbU_w,contains_word,word-presence-dataset_v1.1.csv,0,0
2rrQeCAecbU_e4,Harris does not confine her stage work to Broadway.,example_sentence,,0,,confine,2rrQeCAecbU_w,contains_word,word-presence-dataset_v1.1.csv,0,0
30weefbWxWs_e1,"He attempted a joke, but no one laughed.",example_sentence,,0,,no one,30weefbWxWs_w,contains_word,word-presence-dataset_v1.1.csv,0,0
30weefbWxWs_e2,No one told me she was ill.,example_sentence,,0,,no one,30weefbWxWs_w,contains_word,word-presence-dataset_v1.1.csv,0,0
30weefbWxWs_e3,I'd like to go to the concert but no one else (= no other person) wants to.,example_sentence,,0,,no one,30weefbWxWs_w,contains_word,word-presence-dataset_v1.1.csv,0,0
30weefbWxWs_e4,She gave the cat a kick when no one was looking.,example_sentence,,0,,no one,30weefbWxWs_w,contains_word,word-presence-dataset_v1.1.csv,0,0
3G3wXa7Ax_A_e1,I just enjoy his company.,example_sentence,,0,,company,3G3wXa7Ax_A_w,contains_word,word-presence-dataset_v1.1.csv,0,0
3hAYTF2TKGc_e1,These new measurements mean that I'll have to redo the calculations.,example_sentence,,0,,redo,3hAYTF2TKGc_w,contains_word,word-presence-dataset_v1.1.csv,0,0
3hAYTF2TKGc_e2,"He didn't get the golf ball in the cup, so he asked for a redo.",example_sentence,,0,,redo,3hAYTF2TKGc_w,contains_word,word-presence-dataset_v1.1.csv,0,0
3hAYTF2TKGc_e3,"He had to click the ""redo"" button to bring back the words he had deleted in error.",example_sentence,,0,,redo,3hAYTF2TKGc_w,contains_word,word-presence-dataset_v1.1.csv,0,0
3hAYTF2TKGc_e4,I want you to redo this exercise.,example_sentence,,0,,redo,3hAYTF2TKGc_w,contains_word,word-presence-dataset_v1.1.csv,0,0
3mMDY-zHiH8_e1,She removed the bandage to reveal a red swollen wound oozing pus.,example_sentence,,0,,ooze,3mMDY-zHiH8_w,contains_word,word-presence-dataset_v1.1.csv,0,0
3mMDY-zHiH8_e2,The waiter brought her a massive pizza oozing (with) cheese.,example_sentence,,0,,ooze,3mMDY-zHiH8_w,contains_word,word-presence-dataset_v1.1.csv,0,0
3mMDY-zHiH8_e3,Blood was still oozing out of the wound.,example_sentence,,0,,ooze,3mMDY-zHiH8_w,contains_word,word-presence-dataset_v1.1.csv,0,0
3mMDY-zHiH8_e4,Sap oozed from the pine tree.,example_sentence,,0,,ooze,3mMDY-zHiH8_w,contains_word,word-presence-dataset_v1.1.csv,0,0
3N7i4iMB4_U_e1,Her brother cousins abashed her by commenting on her shyness.,example_sentence,,0,,abash,3N7i4iMB4_U_w,contains_word,word-presence-dataset_v1.1.csv,0,0
3TOhOciY-v8_e1,The company director was abducted from his car by terrorists.,example_sentence,,0,,abduct,3TOhOciY-v8_w,contains_word,word-presence-dataset_v1.1.csv,0,0
3TOhOciY-v8_e2,Kidnappers abducted the child from the playground.,example_sentence,,0,,abduct,3TOhOciY-v8_w,contains_word,word-presence-dataset_v1.1.csv,0,0
3TOhOciY-v8_e3,"If someone attempts to abduct you, make noise.",example_sentence,,0,,abduct,3TOhOciY-v8_w,contains_word,word-presence-dataset_v1.1.csv,0,0
3TOhOciY-v8_e4,She was abducted late last night.,example_sentence,,0,,abduct,3TOhOciY-v8_w,contains_word,word-presence-dataset_v1.1.csv,0,0
429wv1kvK_c_e1,Sprinkle the pizza with a few herbs.,example_sentence,,0,,sprinkle,429wv1kvK_c_w,contains_word,word-presence-dataset_v1.1.csv,0,0
429wv1kvK_c_e2,I sprinkled some sugar on top of the cake.,example_sentence,,0,,sprinkle,429wv1kvK_c_w,contains_word,word-presence-dataset_v1.1.csv,0,0
429wv1kvK_c_e3,She'd sprinkled coloured sugar strands all over the cakes.,example_sentence,,0,,sprinkle,429wv1kvK_c_w,contains_word,word-presence-dataset_v1.1.csv,0,0
429wv1kvK_c_e4,I like to sprinkle a little cheese over my pasta.,example_sentence,,0,,sprinkle,429wv1kvK_c_w,contains_word,word-presence-dataset_v1.1.csv,0,0
48WUtsrvBYg_e1,I put on some nice soothing music.,example_sentence,,0,,soothing,48WUtsrvBYg_w,contains_word,word-presence-dataset_v1.1.csv,0,0
48WUtsrvBYg_e2,Her words had a soothing effect.,example_sentence,,0,,soothing,48WUtsrvBYg_w,contains_word,word-presence-dataset_v1.1.csv,0,0
48WUtsrvBYg_e3,Her touch felt wonderfully soothing.,example_sentence,,0,,soothing,48WUtsrvBYg_w,contains_word,word-presence-dataset_v1.1.csv,0,0
48WUtsrvBYg_e4,Michelle spoke with a soothing Southern lilt.,example_sentence,,0,,soothing,48WUtsrvBYg_w,contains_word,word-presence-dataset_v1.1.csv,0,0
4BiIL375NuQ_e1,You can always depend on Michael in a crisis.,example_sentence,,0,,depend on,4BiIL375NuQ_w,contains_word,word-presence-dataset_v1.1.csv,0,0
4BiIL375NuQ_e2,I'm depending on you to keep your promise.,example_sentence,,0,,depend on,4BiIL375NuQ_w,contains_word,word-presence-dataset_v1.1.csv,0,0
4BiIL375NuQ_e3,Surely a friend should be someone you can depend on in difficult times?,example_sentence,,0,,depend on,4BiIL375NuQ_w,contains_word,word-presence-dataset_v1.1.csv,0,0
4BiIL375NuQ_e4,She was a fiercely independent lady who refused to depend on anyone.,example_sentence,,0,,depend on,4BiIL375NuQ_w,contains_word,word-presence-dataset_v1.1.csv,0,0
4dTj4Awahks_e1,I vaguely remembered having met her before.,example_sentence,,0,,vaguely,4dTj4Awahks_w,contains_word,word-presence-dataset_v1.1.csv,0,0
4dTj4Awahks_e2,He had thought only vaguely about a managerial future at that point.,example_sentence,,0,,vaguely,4dTj4Awahks_w,contains_word,word-presence-dataset_v1.1.csv,0,0
4dTj4Awahks_e3,Something about her voice was vaguely familiar.,example_sentence,,0,,vaguely,4dTj4Awahks_w,contains_word,word-presence-dataset_v1.1.csv,0,0
4dTj4Awahks_e4,I vaguely remember hearing him come in.,example_sentence,,0,,vaguely,4dTj4Awahks_w,contains_word,word-presence-dataset_v1.1.csv,0,0
4QYv6IFjNbQ_e1,They've seriously underestimated the cost of the building project,example_sentence,,0,,underestimate - 1,4QYv6IFjNbQ_w,contains_word,word-presence-dataset_v1.1.csv,0,0
4RdjdI90j0M_e1,His application for citizenship was still pending.,example_sentence,,0,,pending,4RdjdI90j0M_w,contains_word,word-presence-dataset_v1.1.csv,0,0
4uVjzBqNXkE_e1,As she turned away I saw him sniff furtively under his arm.,example_sentence,,0,,furtively,4uVjzBqNXkE_w,contains_word,word-presence-dataset_v1.1.csv,0,0
4uVjzBqNXkE_e2,She saw him talking furtively to another man.,example_sentence,,0,,furtively,4uVjzBqNXkE_w,contains_word,word-presence-dataset_v1.1.csv,0,0
4uVjzBqNXkE_e3,The decision was taken furtively.,example_sentence,,0,,furtively,4uVjzBqNXkE_w,contains_word,word-presence-dataset_v1.1.csv,0,0
4uVjzBqNXkE_e4,It is not being done furtively and out of the public eye.,example_sentence,,0,,furtively,4uVjzBqNXkE_w,contains_word,word-presence-dataset_v1.1.csv,0,0
4vfboqjtAXo_e1,Ivan had a penchant for musical experimentation.,example_sentence,,0,,penchant,4vfboqjtAXo_w,contains_word,word-presence-dataset_v1.1.csv,0,0
4vfboqjtAXo_e2,She has a penchant for Indian food,example_sentence,,0,,penchant,4vfboqjtAXo_w,contains_word,word-presence-dataset_v1.1.csv,0,0
4vfboqjtAXo_e3,He had a penchant for playing jokes on people.,example_sentence,,0,,penchant,4vfboqjtAXo_w,contains_word,word-presence-dataset_v1.1.csv,0,0
4vfboqjtAXo_e4,A stylish woman with a penchant for dark glasses.,example_sentence,,0,,penchant,4vfboqjtAXo_w,contains_word,word-presence-dataset_v1.1.csv,0,0
50Qibhk4sD0_e1,She's been very preoccupied recently because her mother has been very ill.,example_sentence,,0,,preoccupied,50Qibhk4sD0_w,contains_word,word-presence-dataset_v1.1.csv,0,0
50Qibhk4sD0_e2,They have been preoccupied with other matters.,example_sentence,,0,,preoccupied,50Qibhk4sD0_w,contains_word,word-presence-dataset_v1.1.csv,0,0
_52T6uMp5X8_e1,We'd worked together for years and developed a close/good rapport.,example_sentence,,0,,rapport,_52T6uMp5X8_w,contains_word,word-presence-dataset_v1.1.csv,0,0
5dfUuufFLZk_e1,Spain was an important military power in the 16th century.,example_sentence,,0,,military,5dfUuufFLZk_w,contains_word,word-presence-dataset_v1.1.csv,0,0
5iIb7JC1mC8_e1,Lennie's bottom lip quivered and tears started in his eyes.,example_sentence,,0,,quiver,5iIb7JC1mC8_w,contains_word,word-presence-dataset_v1.1.csv,0,0
5ncS0vBocO0_e1,Amit was a famous 16th-century explorer.,example_sentence,,0,,explorer,5ncS0vBocO0_w,contains_word,word-presence-dataset_v1.1.csv,0,0
5xPTHpYQfeE_e1,They took blood and urine specimens for analysis.,example_sentence,,0,,analysis,5xPTHpYQfeE_w,contains_word,word-presence-dataset_v1.1.csv,0,0
68GdgKqKsrk_e1,environmental/personal issues.,example_sentence,,0,,issue,68GdgKqKsrk_w,contains_word,word-presence-dataset_v1.1.csv,0,0
68GdgKqKsrk_e2,The issue of racism.,example_sentence,,0,,issue,68GdgKqKsrk_w,contains_word,word-presence-dataset_v1.1.csv,0,0
68GdgKqKsrk_e3,"I was earning a lot of money, but that was not the issue.",example_sentence,,0,,issue,68GdgKqKsrk_w,contains_word,word-presence-dataset_v1.1.csv,0,0
69Vvb09Sq5U_e1,Her face emanated sadness.,example_sentence,,0,,emanate - 1,69Vvb09Sq5U_w,contains_word,word-presence-dataset_v1.1.csv,0,0
6DqUWmPTkHI_e1,I will be leaving at five o'clock tomorrow.,example_sentence,,0,,leave,6DqUWmPTkHI_w,contains_word,word-presence-dataset_v1.1.csv,0,0
6DqUWmPTkHI_e2,The bus leaves in ten minutes.,example_sentence,,0,,leave,6DqUWmPTkHI_w,contains_word,word-presence-dataset_v1.1.csv,0,0
6egMMBnQUbY_e1,He seems to find it difficult to integrate socially.,example_sentence,,0,,integrate,6egMMBnQUbY_w,contains_word,word-presence-dataset_v1.1.csv,0,0
6egMMBnQUbY_e2,It's very difficult to integrate yourself into a society whose culture is so different from your own.,example_sentence,,0,,integrate,6egMMBnQUbY_w,contains_word,word-presence-dataset_v1.1.csv,0,0
6egMMBnQUbY_e3,Children are often very good at integrating into a new culture.,example_sentence,,0,,integrate,6egMMBnQUbY_w,contains_word,word-presence-dataset_v1.1.csv,0,0
6egMMBnQUbY_e4,The committee can integrate the different plans.,example_sentence,,0,,integrate,6egMMBnQUbY_w,contains_word,word-presence-dataset_v1.1.csv,0,0
6_Lnzu1WFPI_e1,The students accomplished the task in less than ten minutes.,example_sentence,,0,,accomplish,6_Lnzu1WFPI_w,contains_word,word-presence-dataset_v1.1.csv,0,0
6_Lnzu1WFPI_e2,I feel as if I've accomplished nothing since I left my job.,example_sentence,,0,,accomplish,6_Lnzu1WFPI_w,contains_word,word-presence-dataset_v1.1.csv,0,0
6_Lnzu1WFPI_e3,I will answer for it that he will accomplish the task.,example_sentence,,0,,accomplish,6_Lnzu1WFPI_w,contains_word,word-presence-dataset_v1.1.csv,0,0
6_Lnzu1WFPI_e4,"If we work as a team, I'm confident we will accomplish our goal.",example_sentence,,0,,accomplish,6_Lnzu1WFPI_w,contains_word,word-presence-dataset_v1.1.csv,0,0
6mb7FlpNvFY_e1,The interest I receive on my savings account is paid after the deduction of tax.,example_sentence,,0,,deduction,6mb7FlpNvFY_w,contains_word,word-presence-dataset_v1.1.csv,0,0
6mb7FlpNvFY_e2,A deduction is an amount that has been subtracted from a total.,example_sentence,,0,,deduction,6mb7FlpNvFY_w,contains_word,word-presence-dataset_v1.1.csv,0,0
6mb7FlpNvFY_e3,A deduction is an expense that can be deducted from income on a tax return.,example_sentence,,0,,deduction,6mb7FlpNvFY_w,contains_word,word-presence-dataset_v1.1.csv,0,0
6mb7FlpNvFY_e4,the act or process of deducting or subtracting,example_sentence,,0,,deduction,6mb7FlpNvFY_w,contains_word,word-presence-dataset_v1.1.csv,0,0
6MxCP_583q8_e1,People have lived in this valley since ancient times.,example_sentence,,0,,ancient,6MxCP_583q8_w,contains_word,word-presence-dataset_v1.1.csv,0,0
6MxCP_583q8_e2,She's doing a doctorate in ancient history.,example_sentence,,0,,ancient,6MxCP_583q8_w,contains_word,word-presence-dataset_v1.1.csv,0,0
6MxCP_583q8_e3,He's got an ancient laptop.,example_sentence,,0,,ancient,6MxCP_583q8_w,contains_word,word-presence-dataset_v1.1.csv,0,0
6MxCP_583q8_e4,That photo makes me look ancient!,example_sentence,,0,,ancient,6MxCP_583q8_w,contains_word,word-presence-dataset_v1.1.csv,0,0
6nwBq3QX9J0_e1,The medical importance of this discovery is of inestimable value.,example_sentence,,0,,inestimable,6nwBq3QX9J0_w,contains_word,word-presence-dataset_v1.1.csv,0,0
6nwBq3QX9J0_e2,The information he provided was of inestimable value .,example_sentence,,0,,inestimable,6nwBq3QX9J0_w,contains_word,word-presence-dataset_v1.1.csv,0,0
6nwBq3QX9J0_e3,Human life is of inestimable value.,example_sentence,,0,,inestimable,6nwBq3QX9J0_w,contains_word,word-presence-dataset_v1.1.csv,0,0
6nwBq3QX9J0_e4,Carey has been an inestimable help in my life.,example_sentence,,0,,inestimable,6nwBq3QX9J0_w,contains_word,word-presence-dataset_v1.1.csv,0,0
6qJDRpoe_Yc_e1,He was witty and very charming.,example_sentence,,0,,witty,6qJDRpoe_Yc_w,contains_word,word-presence-dataset_v1.1.csv,0,0
6qJDRpoe_Yc_e2,"She gave a witty, entertaining and articulate speech.",example_sentence,,0,,witty,6qJDRpoe_Yc_w,contains_word,word-presence-dataset_v1.1.csv,0,0
6qJDRpoe_Yc_e3,"His plays were very good, very witty.",example_sentence,,0,,witty,6qJDRpoe_Yc_w,contains_word,word-presence-dataset_v1.1.csv,0,0
6qJDRpoe_Yc_e4,"She is a witty, wise, kind of spunky woman.",example_sentence,,0,,witty,6qJDRpoe_Yc_w,contains_word,word-presence-dataset_v1.1.csv,0,0
6sFJreYzn1c_e1,They fled to escape for persecution in Europe.,example_sentence,,0,,persecutions,6sFJreYzn1c_w,contains_word,word-presence-dataset_v1.1.csv,0,0
6zErcTU0HNQ_e1,a classless/multicultural society,example_sentence,,0,,society,6zErcTU0HNQ_w,contains_word,word-presence-dataset_v1.1.csv,0,0
6zErcTU0HNQ_e2,There's a danger that we will end up blaming innocent children for society's problems.,example_sentence,,0,,society,6zErcTU0HNQ_w,contains_word,word-presence-dataset_v1.1.csv,0,0
6zErcTU0HNQ_e3,We must also consider the needs of the younger/older members of society.,example_sentence,,0,,society,6zErcTU0HNQ_w,contains_word,word-presence-dataset_v1.1.csv,0,0
6zErcTU0HNQ_e4,We live in a multicultural society.,example_sentence,,0,,society,6zErcTU0HNQ_w,contains_word,word-presence-dataset_v1.1.csv,0,0
72lco2u92iQ_e1,The photographs will be on exhibition until the end of the month.,example_sentence,,0,,exhibition,72lco2u92iQ_w,contains_word,word-presence-dataset_v1.1.csv,0,0
7PcZoqPll0k_e1,The majority had to walk.,example_sentence,,0,,majority,7PcZoqPll0k_w,contains_word,word-presence-dataset_v1.1.csv,0,0
7S-pRkbzQ1I_e1,Someone's nicked my wallet.,example_sentence,,0,,nick,7S-pRkbzQ1I_w,contains_word,word-presence-dataset_v1.1.csv,0,0
7tK-aXT9AM8_e1,What's on the menu today?,example_sentence,,0,,menu,7tK-aXT9AM8_w,contains_word,word-presence-dataset_v1.1.csv,0,0
861X7yZmXwU_e1,"As he left the meeting, he was berated by angry demonstrators.",example_sentence,,0,,berate,861X7yZmXwU_w,contains_word,word-presence-dataset_v1.1.csv,0,0
861X7yZmXwU_e2,"Doctors are often berated for being poor communicators, particularly when they have to give patients bad news.",example_sentence,,0,,berate,861X7yZmXwU_w,contains_word,word-presence-dataset_v1.1.csv,0,0
861X7yZmXwU_e3,His mother berated him for making a mess.,example_sentence,,0,,berate,861X7yZmXwU_w,contains_word,word-presence-dataset_v1.1.csv,0,0
861X7yZmXwU_e4,She began to berate the police for paying scant attention to the theft from her car.,example_sentence,,0,,berate,861X7yZmXwU_w,contains_word,word-presence-dataset_v1.1.csv,0,0
8LoVo8y_Oic_e1,We apologize for any inconvenience caused by the late arrival of the train.,example_sentence,,0,,inconvenience,8LoVo8y_Oic_w,contains_word,word-presence-dataset_v1.1.csv,0,0
8LoVo8y_Oic_e2,Having to change trains is a small inconvenience.,example_sentence,,0,,inconvenience,8LoVo8y_Oic_w,contains_word,word-presence-dataset_v1.1.csv,0,0
8LoVo8y_Oic_e3,We apologize for any inconvenience caused during the repairs.,example_sentence,,0,,inconvenience,8LoVo8y_Oic_w,contains_word,word-presence-dataset_v1.1.csv,0,0
8LoVo8y_Oic_e4,We regret any inconvenience caused to our customers.,example_sentence,,0,,inconvenience,8LoVo8y_Oic_w,contains_word,word-presence-dataset_v1.1.csv,0,0
8pwnTDtKBE0_e1,They've always been very friendly towards me.,example_sentence,,0,,towards,8pwnTDtKBE0_w,contains_word,word-presence-dataset_v1.1.csv,0,0
8Ui2qv0zkjA_e1,silly or unwise; showing poor judgment or little intelligence,example_sentence,,0,,stupid,8Ui2qv0zkjA_w,contains_word,word-presence-dataset_v1.1.csv,0,0
8WoE12Rn2SE_e1,"He gave me directions, but they were so complicated I got lost.",example_sentence,,0,,complicated,8WoE12Rn2SE_w,contains_word,word-presence-dataset_v1.1.csv,0,0
9BKcG6j7LDU_e1,The doctors gave him more powerful drugs in the vain hope that he might recover.,example_sentence,,0,,vain,9BKcG6j7LDU_w,contains_word,word-presence-dataset_v1.1.csv,0,0
9BKcG6j7LDU_e2,We searched in vain for the missing child.,example_sentence,,0,,vain,9BKcG6j7LDU_w,contains_word,word-presence-dataset_v1.1.csv,0,0
9BKcG6j7LDU_e3,We tried in vain to make him change his mind.,example_sentence,,0,,vain,9BKcG6j7LDU_w,contains_word,word-presence-dataset_v1.1.csv,0,0
9BKcG6j7LDU_e4,They tried in vain to open the locked door.,example_sentence,,0,,vain,9BKcG6j7LDU_w,contains_word,word-presence-dataset_v1.1.csv,0,0
9nv55rJUEkA_e1,"a peevish, bad-tempered person",example_sentence,,0,,peevish,9nv55rJUEkA_w,contains_word,word-presence-dataset_v1.1.csv,0,0
9nv55rJUEkA_e2,I think the answer we have been given was a little peevish.,example_sentence,,0,,peevish,9nv55rJUEkA_w,contains_word,word-presence-dataset_v1.1.csv,0,0
9nv55rJUEkA_e3,A peevish child is unhappy and makes others unhappy.,example_sentence,,0,,peevish,9nv55rJUEkA_w,contains_word,word-presence-dataset_v1.1.csv,0,0
9nv55rJUEkA_e4,The whole team was peevish after losing the game.,example_sentence,,0,,peevish,9nv55rJUEkA_w,contains_word,word-presence-dataset_v1.1.csv,0,0
9OAMotf4jFE_e1,Germany is a major manufacturer of motor cars.,example_sentence,,0,,manufacturer,9OAMotf4jFE_w,contains_word,word-presence-dataset_v1.1.csv,0,0
9pN1y7vMnEg_e1,She's strong without being bossy.,example_sentence,,0,,bossy,9pN1y7vMnEg_w,contains_word,word-presence-dataset_v1.1.csv,0,0
9pN1y7vMnEg_e2,My older sister was very bossy.,example_sentence,,0,,bossy,9pN1y7vMnEg_w,contains_word,word-presence-dataset_v1.1.csv,0,0
9pN1y7vMnEg_e3,Girls of that age can get quite bossy.,example_sentence,,0,,bossy,9pN1y7vMnEg_w,contains_word,word-presence-dataset_v1.1.csv,0,0
9pN1y7vMnEg_e4,Stop being so schoolmarmish and bossy!,example_sentence,,0,,bossy,9pN1y7vMnEg_w,contains_word,word-presence-dataset_v1.1.csv,0,0
A0Vios3F4H0_e1,"On behalf of the entire company, I would like to thank you for all your work.",example_sentence,,0,,behalf,A0Vios3F4H0_w,contains_word,word-presence-dataset_v1.1.csv,0,0
A0Vios3F4H0_e2,"Unfortunately, George cannot be with us today so I am pleased to accept this award on his behalf.",example_sentence,,0,,behalf,A0Vios3F4H0_w,contains_word,word-presence-dataset_v1.1.csv,0,0
A0Vios3F4H0_e3,"She wasn't able to be present, so I signed the letter in her behalf.",example_sentence,,0,,behalf,A0Vios3F4H0_w,contains_word,word-presence-dataset_v1.1.csv,0,0
a2oGVqtgvwc_e1,The bus reaches Mumbai exactly in three hours.,example_sentence,,0,,exactly,a2oGVqtgvwc_w,contains_word,word-presence-dataset_v1.1.csv,0,0
a8vtO4iAq6g_e1,We don't have enough capital to buy new premises.,example_sentence,,0,,premises,a8vtO4iAq6g_w,contains_word,word-presence-dataset_v1.1.csv,0,0
a8vtO4iAq6g_e2,The company is relocating to new premises.,example_sentence,,0,,premises,a8vtO4iAq6g_w,contains_word,word-presence-dataset_v1.1.csv,0,0
a8vtO4iAq6g_e3,The company is moving to new premises next month.,example_sentence,,0,,premises,a8vtO4iAq6g_w,contains_word,word-presence-dataset_v1.1.csv,0,0
a8vtO4iAq6g_e4,They anticipate moving to bigger premises by the end of the year.,example_sentence,,0,,premises,a8vtO4iAq6g_w,contains_word,word-presence-dataset_v1.1.csv,0,0
AALbFZ16ms8_e1,a plausible salesman.,example_sentence,,0,,plausible,AALbFZ16ms8_w,contains_word,word-presence-dataset_v1.1.csv,0,0
ABZhHI6228g_e1,The gold medal continues to elude her.,example_sentence,,0,,elude - 1,ABZhHI6228g_w,contains_word,word-presence-dataset_v1.1.csv,0,0
afpdqLzBytI_e1,"It's deceptive - from the outside the building looks small, but inside it's very big.",example_sentence,,0,,deceptive,afpdqLzBytI_w,contains_word,word-presence-dataset_v1.1.csv,0,0
AHaC7ncPHjM_e1,Hyderabad is a culturally diverse city.,example_sentence,,0,,diverse,AHaC7ncPHjM_w,contains_word,word-presence-dataset_v1.1.csv,0,0
AHaC7ncPHjM_e2,Students from countries as diverse as Spain and Singapore use Cambridge textbooks.,example_sentence,,0,,diverse,AHaC7ncPHjM_w,contains_word,word-presence-dataset_v1.1.csv,0,0
AHaC7ncPHjM_e3,India has always been one of the most religiously diverse countries.,example_sentence,,0,,diverse,AHaC7ncPHjM_w,contains_word,word-presence-dataset_v1.1.csv,0,0
AHaC7ncPHjM_e4,The restaurant has a diverse menu that includes entrees from all over the world.,example_sentence,,0,,diverse,AHaC7ncPHjM_w,contains_word,word-presence-dataset_v1.1.csv,0,0
AHaC7ncPHjM_e5,Shops selling a diverse range of gifts.,example_sentence,,0,,diverse,AHaC7ncPHjM_w,contains_word,word-presence-dataset_v1.1.csv,0,0
aIpcJDHHlWo_e1,This Bob Dylan anthology includes some rare recordings of his best songs.,example_sentence,,0,,anthology,aIpcJDHHlWo_w,contains_word,word-presence-dataset_v1.1.csv,0,0
aIpcJDHHlWo_e2,Michael Rosen is the editor of the anthology.,example_sentence,,0,,anthology,aIpcJDHHlWo_w,contains_word,word-presence-dataset_v1.1.csv,0,0
aIpcJDHHlWo_e3,. I have an anthology of modern quotations.,example_sentence,,0,,anthology,aIpcJDHHlWo_w,contains_word,word-presence-dataset_v1.1.csv,0,0
aIpcJDHHlWo_e4,We have put together an anthology of children's poetry.,example_sentence,,0,,anthology,aIpcJDHHlWo_w,contains_word,word-presence-dataset_v1.1.csv,0,0
AJbqUacnP-g_e1,Stupendous news! We've won Rs. 5 Crore!,example_sentence,,0,,stupendous,AJbqUacnP-g_w,contains_word,word-presence-dataset_v1.1.csv,0,0
AJbqUacnP-g_e2,The drafting of the regulations will be a stupendous and heavy task.,example_sentence,,0,,stupendous,AJbqUacnP-g_w,contains_word,word-presence-dataset_v1.1.csv,0,0
AJbqUacnP-g_e3,Kotto gives a stupendous performance.,example_sentence,,0,,stupendous,AJbqUacnP-g_w,contains_word,word-presence-dataset_v1.1.csv,0,0
AJbqUacnP-g_e4,The lakeshore view was stupendous.,example_sentence,,0,,stupendous,AJbqUacnP-g_w,contains_word,word-presence-dataset_v1.1.csv,0,0
AjXeuvRxnL0_e1,"I'd like to buy a bigger house, but I don't have the wherewithal.",example_sentence,,0,,the wherewithal,AjXeuvRxnL0_w,contains_word,word-presence-dataset_v1.1.csv,0,0
anCvgjkC1Js_e1,"Dad terrified us with stories of a big, bad giant who ate little children.",example_sentence,,0,,giant,anCvgjkC1Js_w,contains_word,word-presence-dataset_v1.1.csv,0,0
anCvgjkC1Js_e2,Are the Giants playing tonight?,example_sentence,,0,,giant,anCvgjkC1Js_w,contains_word,word-presence-dataset_v1.1.csv,0,0
anCvgjkC1Js_e3,"In the pantomime of 'Jack and the Beanstalk', we just saw the giant's huge hand.",example_sentence,,0,,giant,anCvgjkC1Js_w,contains_word,word-presence-dataset_v1.1.csv,0,0
anCvgjkC1Js_e4,Nancy had never seen a giant panda.,example_sentence,,0,,giant,anCvgjkC1Js_w,contains_word,word-presence-dataset_v1.1.csv,0,0
A_ND2Q9fO2s_e1,We used to be friendly with some people who worked at the Swedish Embassy.,example_sentence,,0,,embassy,A_ND2Q9fO2s_w,contains_word,word-presence-dataset_v1.1.csv,0,0
AnhTIMU_EzI_e1,You can usually find a hotel for €70 a night.,example_sentence,,0,,euro,AnhTIMU_EzI_w,contains_word,word-presence-dataset_v1.1.csv,0,0
a-tA9XP1DTQ_e1,He can imitate the cries of birds..,example_sentence,,0,,imitate,a-tA9XP1DTQ_w,contains_word,word-presence-dataset_v1.1.csv,0,0
a-tA9XP1DTQ_e2,James can imitate his father perfectly..,example_sentence,,0,,imitate,a-tA9XP1DTQ_w,contains_word,word-presence-dataset_v1.1.csv,0,0
a-tA9XP1DTQ_e3,My four-year-old daughter is always trying to imitate her older sister.,example_sentence,,0,,imitate,a-tA9XP1DTQ_w,contains_word,word-presence-dataset_v1.1.csv,0,0
a-tA9XP1DTQ_e4,You should imitate her way of doing things.,example_sentence,,0,,imitate,a-tA9XP1DTQ_w,contains_word,word-presence-dataset_v1.1.csv,0,0
atCTXG7PL_E_e1,She ruminated for weeks about whether to tell him or not.,example_sentence,,0,,ruminate,atCTXG7PL_E_w,contains_word,word-presence-dataset_v1.1.csv,0,0
aU7Yxmt7Obw_e1,The children are always arguing.,example_sentence,,0,,argue,aU7Yxmt7Obw_w,contains_word,word-presence-dataset_v1.1.csv,0,0
AVDuEdEExK8_e1,She implored her parents to send her to school.,example_sentence,,0,,implore,AVDuEdEExK8_w,contains_word,word-presence-dataset_v1.1.csv,0,0
azo6kLMV32E_e1,Nobody agreed with me.,example_sentence,,0,,nobody,azo6kLMV32E_w,contains_word,word-presence-dataset_v1.1.csv,0,0
B2xV05A7TbI_e1,Don't forget to add on your traveling expenses/add your expenses on.,example_sentence,,0,,add,B2xV05A7TbI_w,contains_word,word-presence-dataset_v1.1.csv,0,0
B2xV05A7TbI_e2,You can add a link to your own website.,example_sentence,,0,,add,B2xV05A7TbI_w,contains_word,word-presence-dataset_v1.1.csv,0,0
B7idRBMZUvw_e1,The young men had nothing better to do than brawl in the streets.,example_sentence,,0,,brawl,B7idRBMZUvw_w,contains_word,word-presence-dataset_v1.1.csv,0,0
B7idRBMZUvw_e2,They got caught up in a street brawl.,example_sentence,,0,,brawl,B7idRBMZUvw_w,contains_word,word-presence-dataset_v1.1.csv,0,0
B7idRBMZUvw_e3,Police officers were injured in a mass brawl outside a nightclub.,example_sentence,,0,,brawl,B7idRBMZUvw_w,contains_word,word-presence-dataset_v1.1.csv,0,0
B7idRBMZUvw_e4,Several witnesses said that Slatter started the brawl.,example_sentence,,0,,brawl,B7idRBMZUvw_w,contains_word,word-presence-dataset_v1.1.csv,0,0
BaSt1HrxXq0_e1,Danger zone keep out!,example_sentence,,0,,keep out,BaSt1HrxXq0_w,contains_word,word-presence-dataset_v1.1.csv,0,0
BaSt1HrxXq0_e2,They sandbagged their homes to keep out floods.,example_sentence,,0,,keep out,BaSt1HrxXq0_w,contains_word,word-presence-dataset_v1.1.csv,0,0
BaSt1HrxXq0_e3,Let's keep out of her way while she's in such a bad mood.,example_sentence,,0,,keep out,BaSt1HrxXq0_w,contains_word,word-presence-dataset_v1.1.csv,0,0
BaSt1HrxXq0_e4,"Keep it up, and keep out of trouble.",example_sentence,,0,,keep out,BaSt1HrxXq0_w,contains_word,word-presence-dataset_v1.1.csv,0,0
bb3WuX4Mqo4_e1,She's proficient in two languages.,example_sentence,,0,,proficient,bb3WuX4Mqo4_w,contains_word,word-presence-dataset_v1.1.csv,0,0
bb3WuX4Mqo4_e2,He proved to me that he was very proficient in driving a car.,example_sentence,,0,,proficient,bb3WuX4Mqo4_w,contains_word,word-presence-dataset_v1.1.csv,0,0
bb3WuX4Mqo4_e3,"I was proficient at my job, so we had a good relationship.",example_sentence,,0,,proficient,bb3WuX4Mqo4_w,contains_word,word-presence-dataset_v1.1.csv,0,0
bb3WuX4Mqo4_e4,"With practice, you should become proficient within six months.",example_sentence,,0,,proficient,bb3WuX4Mqo4_w,contains_word,word-presence-dataset_v1.1.csv,0,0
BC1eDWKCSpQ_e1,It was an eclectic mix of our ethnic foods and traditional Thanksgiving food.,example_sentence,,0,,eclectic,BC1eDWKCSpQ_w,contains_word,word-presence-dataset_v1.1.csv,0,0
BGG5x7Qr10A_e1,Make sure the rope is firmly attached before attempting to climb down,example_sentence,,0,,firmly,BGG5x7Qr10A_w,contains_word,word-presence-dataset_v1.1.csv,0,0
BGG5x7Qr10A_e2,The tent pegs should be fixed firmly in place.,example_sentence,,0,,firmly,BGG5x7Qr10A_w,contains_word,word-presence-dataset_v1.1.csv,0,0
BGG5x7Qr10A_e3,She shut the door firmly and walked away.,example_sentence,,0,,firmly,BGG5x7Qr10A_w,contains_word,word-presence-dataset_v1.1.csv,0,0
BGG5x7Qr10A_e4,The roots grew down firmly in the soil.,example_sentence,,0,,firmly,BGG5x7Qr10A_w,contains_word,word-presence-dataset_v1.1.csv,0,0
BG__MHnFZgE_e1,"an outpouring of anger, abuse, or complaint",example_sentence,,0,,earful,BG__MHnFZgE_w,contains_word,word-presence-dataset_v1.1.csv,0,0
bGqx2eKgdB0_e1,The bright orange of the fresh paint mellowed as it dried.,example_sentence,,0,,mellow,bGqx2eKgdB0_w,contains_word,word-presence-dataset_v1.1.csv,0,0
bGqx2eKgdB0_e2,The leaves looked golden in the mellow afternoon light.,example_sentence,,0,,mellow,bGqx2eKgdB0_w,contains_word,word-presence-dataset_v1.1.csv,0,0
bGqx2eKgdB0_e3,Mellow music and lighting helped to create the right atmosphere.,example_sentence,,0,,mellow,bGqx2eKgdB0_w,contains_word,word-presence-dataset_v1.1.csv,0,0
bGqx2eKgdB0_e4,His voice was deep and mellow.,example_sentence,,0,,mellow,bGqx2eKgdB0_w,contains_word,word-presence-dataset_v1.1.csv,0,0
BH7-iBjng_8_e1,Never underestimate your opponent!,example_sentence,,0,,underestimate - 2,BH7-iBjng_8_w,contains_word,word-presence-dataset_v1.1.csv,0,0
bJA2HuIKJTQ_e1,I'm afraid I don't understand',example_sentence,,0,,afraid,bJA2HuIKJTQ_w,contains_word,word-presence-dataset_v1.1.csv,0,0
bJA2HuIKJTQ_e2,"I don't agree at all, I'm afraid.",example_sentence,,0,,afraid,bJA2HuIKJTQ_w,contains_word,word-presence-dataset_v1.1.csv,0,0
bJA2HuIKJTQ_e3,I'm afraid that we can't come this evening after all.,example_sentence,,0,,afraid,bJA2HuIKJTQ_w,contains_word,word-presence-dataset_v1.1.csv,0,0
bJA2HuIKJTQ_e4,"This is your room - it's rather small, I'm afraid.",example_sentence,,0,,afraid,bJA2HuIKJTQ_w,contains_word,word-presence-dataset_v1.1.csv,0,0
_bKPoTpqCjI_e1,His death at the age of 35 has occasioned an outpouring of grief.,example_sentence,,0,,outpouring,_bKPoTpqCjI_w,contains_word,word-presence-dataset_v1.1.csv,0,0
bmqS93j8WJ8_e1,We need to get an assistant who's capable and efficient.,example_sentence,,0,,capable,bmqS93j8WJ8_w,contains_word,word-presence-dataset_v1.1.csv,0,0
bmqS93j8WJ8_e2,She's a very capable lawyer.,example_sentence,,0,,capable,bmqS93j8WJ8_w,contains_word,word-presence-dataset_v1.1.csv,0,0
bmqS93j8WJ8_e3,I have some lurking doubts about whether Simon is really capable of doing this job.,example_sentence,,0,,capable,bmqS93j8WJ8_w,contains_word,word-presence-dataset_v1.1.csv,0,0
BNF2q1Hysj8_e1,The advantage of booking tickets in advance is that you get better seats.,example_sentence,,0,,advantage,BNF2q1Hysj8_w,contains_word,word-presence-dataset_v1.1.csv,0,0
BNF2q1Hysj8_e2,His long arms give him a big advantage over other boxers.,example_sentence,,0,,advantage,BNF2q1Hysj8_w,contains_word,word-presence-dataset_v1.1.csv,0,0
BNF2q1Hysj8_e3,She had the advantage of a good education.,example_sentence,,0,,advantage,BNF2q1Hysj8_w,contains_word,word-presence-dataset_v1.1.csv,0,0
BNF2q1Hysj8_e4,They had been given an unfair advantage.,example_sentence,,0,,advantage,BNF2q1Hysj8_w,contains_word,word-presence-dataset_v1.1.csv,0,0
BPkY6fJerkM_e1,The government is held accountable through the mechanism of regular general elections.,example_sentence,,0,,mechanism,BPkY6fJerkM_w,contains_word,word-presence-dataset_v1.1.csv,0,0
BPu7NlTLvnU_e1,It cost a mere 20 dollars.,example_sentence,,0,,mere,BPu7NlTLvnU_w,contains_word,word-presence-dataset_v1.1.csv,0,0
bRHRKa5R-bI_e1,Diplomacy has so far failed to bring an end to the fighting.,example_sentence,,0,,diplomacy,bRHRKa5R-bI_w,contains_word,word-presence-dataset_v1.1.csv,0,0
brsHudT88m0_e1,Deep caves in perpetual darkness.,example_sentence,,0,,perpetual,brsHudT88m0_w,contains_word,word-presence-dataset_v1.1.csv,0,0
brsHudT88m0_e2,He was elected perpetual president.,example_sentence,,0,,perpetual,brsHudT88m0_w,contains_word,word-presence-dataset_v1.1.csv,0,0
brsHudT88m0_e3,She's a perpetual student.,example_sentence,,0,,perpetual,brsHudT88m0_w,contains_word,word-presence-dataset_v1.1.csv,0,0
brsHudT88m0_e4,We lived for years in a perpetual state of fear.,example_sentence,,0,,perpetual,brsHudT88m0_w,contains_word,word-presence-dataset_v1.1.csv,0,0
BsarjXadUR0_e1,He was afraid that the other kids would laugh at him.,example_sentence,,0,,laugh at,BsarjXadUR0_w,contains_word,word-presence-dataset_v1.1.csv,0,0
BsarjXadUR0_e2,She thinks people will laugh at her if she sings.,example_sentence,,0,,laugh at,BsarjXadUR0_w,contains_word,word-presence-dataset_v1.1.csv,0,0
BsarjXadUR0_e3,I'm not wearing that hat - people will laugh at me.,example_sentence,,0,,laugh at,BsarjXadUR0_w,contains_word,word-presence-dataset_v1.1.csv,0,0
BsarjXadUR0_e4,Jenny had to laugh at her own foolishness,example_sentence,,0,,laugh at,BsarjXadUR0_w,contains_word,word-presence-dataset_v1.1.csv,0,0
Bvu2bvf0Nhw_e1,"The final cost should not exceed $5,000.",example_sentence,,0,,exceed,Bvu2bvf0Nhw_w,contains_word,word-presence-dataset_v1.1.csv,0,0
BwHKycUKnYM_e1,Her news put me in a difficult situation.,example_sentence,,0,,situation,BwHKycUKnYM_w,contains_word,word-presence-dataset_v1.1.csv,0,0
BwHKycUKnYM_e2,"Would you get involved in a fight?"" ""It would depend on the situation.",example_sentence,,0,,situation,BwHKycUKnYM_w,contains_word,word-presence-dataset_v1.1.csv,0,0
BwHKycUKnYM_e3,I'll worry about it if/when/as the situation arises (= if/when/as it happens),example_sentence,,0,,situation,BwHKycUKnYM_w,contains_word,word-presence-dataset_v1.1.csv,0,0
BwHKycUKnYM_e4,the economic/political situation,example_sentence,,0,,situation,BwHKycUKnYM_w,contains_word,word-presence-dataset_v1.1.csv,0,0
BWpU3Ya3iJo_e1,"Metal, paper, and glass can be recycled.",example_sentence,,0,,metal,BWpU3Ya3iJo_w,contains_word,word-presence-dataset_v1.1.csv,0,0
BYDhyNP5fK8_e1,The Chief was left speechless by this fatuous remark.,example_sentence,,0,,fatuous,BYDhyNP5fK8_w,contains_word,word-presence-dataset_v1.1.csv,0,0
BYDhyNP5fK8_e2,He seems to get pride in fatuous remarks.,example_sentence,,0,,fatuous,BYDhyNP5fK8_w,contains_word,word-presence-dataset_v1.1.csv,0,0
BYDhyNP5fK8_e3,Television commercials seem fatuous than ever.,example_sentence,,0,,fatuous,BYDhyNP5fK8_w,contains_word,word-presence-dataset_v1.1.csv,0,0
BYDhyNP5fK8_e4,My brother was fatuous for sprinting across the wet kitchen floor.,example_sentence,,0,,fatuous,BYDhyNP5fK8_w,contains_word,word-presence-dataset_v1.1.csv,0,0
bZVGRZcLzJE_e1,The phone was engaged.,example_sentence,,0,,engaged,bZVGRZcLzJE_w,contains_word,word-presence-dataset_v1.1.csv,0,0
c1KkkUmCbrM_e1,I stood petrified as the most enormous dog I've ever seen came bounding up to me.,example_sentence,,0,,petrified,c1KkkUmCbrM_w,contains_word,word-presence-dataset_v1.1.csv,0,0
c1KkkUmCbrM_e2,She's petrified of being on her own in the house at night.,example_sentence,,0,,petrified,c1KkkUmCbrM_w,contains_word,word-presence-dataset_v1.1.csv,0,0
c1KkkUmCbrM_e3,As soon as they got on the stage they were petrified with fright.,example_sentence,,0,,petrified,c1KkkUmCbrM_w,contains_word,word-presence-dataset_v1.1.csv,0,0
c1KkkUmCbrM_e4,I've always been petrified of being alone.,example_sentence,,0,,petrified,c1KkkUmCbrM_w,contains_word,word-presence-dataset_v1.1.csv,0,0
C2Y-lifiGVQ_e1,Her talent for music showed at an early age.,example_sentence,,0,,talent,C2Y-lifiGVQ_w,contains_word,word-presence-dataset_v1.1.csv,0,0
C2Y-lifiGVQ_e2,The baseball scouts are looking for new talent.,example_sentence,,0,,talent,C2Y-lifiGVQ_w,contains_word,word-presence-dataset_v1.1.csv,0,0
C2Y-lifiGVQ_e3,He had a great talent for business.,example_sentence,,0,,talent,C2Y-lifiGVQ_w,contains_word,word-presence-dataset_v1.1.csv,0,0
C2Y-lifiGVQ_e4,"Musically speaking , this band has a lot of talent.",example_sentence,,0,,talent,C2Y-lifiGVQ_w,contains_word,word-presence-dataset_v1.1.csv,0,0
-c5cUfu5gLU_e1,We amused ourselves by watching the passers-by.,example_sentence,,0,,amuse,-c5cUfu5gLU_w,contains_word,word-presence-dataset_v1.1.csv,0,0
-c5cUfu5gLU_e2,Joan was not amused by the joke her brother told.,example_sentence,,0,,amuse,-c5cUfu5gLU_w,contains_word,word-presence-dataset_v1.1.csv,0,0
-c5cUfu5gLU_e3,Could you think of a few games to amuse the children on the journey?,example_sentence,,0,,amuse,-c5cUfu5gLU_w,contains_word,word-presence-dataset_v1.1.csv,0,0
-c5cUfu5gLU_e4,I wonder what's amusing the boys so much - is it Granny's hat?,example_sentence,,0,,amuse,-c5cUfu5gLU_w,contains_word,word-presence-dataset_v1.1.csv,0,0
CB5Qabozm6w_e1,There's not enough interaction between the management and the workers.,example_sentence,,0,,interaction,CB5Qabozm6w_w,contains_word,word-presence-dataset_v1.1.csv,0,0
CB5Qabozm6w_e2,We select employees who will be good at face-to-face interaction with customers.,example_sentence,,0,,interaction,CB5Qabozm6w_w,contains_word,word-presence-dataset_v1.1.csv,0,0
CB5Qabozm6w_e3,She had no interaction with her neighbors.,example_sentence,,0,,interaction,CB5Qabozm6w_w,contains_word,word-presence-dataset_v1.1.csv,0,0
CB5Qabozm6w_e4,There was no social interaction within the group.,example_sentence,,0,,interaction,CB5Qabozm6w_w,contains_word,word-presence-dataset_v1.1.csv,0,0
ci_iGsLDZ9w_e1,This is one of the country's foremost arts centers.,example_sentence,,0,,foremost,ci_iGsLDZ9w_w,contains_word,word-presence-dataset_v1.1.csv,0,0
cJ0FKENj2P0_e1,His name was unfamiliar to me.,example_sentence,,0,,unfamiliar,cJ0FKENj2P0_w,contains_word,word-presence-dataset_v1.1.csv,0,0
cJ0FKENj2P0_e2,She felt increasingly nervous as she walked across a room full of unfamiliar faces.,example_sentence,,0,,unfamiliar,cJ0FKENj2P0_w,contains_word,word-presence-dataset_v1.1.csv,0,0
CKP94wfySWw_e1,My sister's always meddling in other people's affairs.,example_sentence,,0,,meddle,CKP94wfySWw_w,contains_word,word-presence-dataset_v1.1.csv,0,0
CKP94wfySWw_e2,People shouldn't meddle with things they don't understand.,example_sentence,,0,,meddle,CKP94wfySWw_w,contains_word,word-presence-dataset_v1.1.csv,0,0
CKP94wfySWw_e3,"If Mary's mother hadn't meddled in their marriage, Tom and Mary might still be together.",example_sentence,,0,,meddle,CKP94wfySWw_w,contains_word,word-presence-dataset_v1.1.csv,0,0
CKP94wfySWw_e4,"Believe you me, the government won't meddle with the tax system.",example_sentence,,0,,meddle,CKP94wfySWw_w,contains_word,word-presence-dataset_v1.1.csv,0,0
CLSIZPQeWJU_e1,The electricity meter is in the basement.,example_sentence,,0,,meter,CLSIZPQeWJU_w,contains_word,word-presence-dataset_v1.1.csv,0,0
c-mirXvUBoI_e1,The kid next door is a bad influence on Kevin.,example_sentence,,0,,influence,c-mirXvUBoI_w,contains_word,word-presence-dataset_v1.1.csv,0,0
c-mirXvUBoI_e2,My grandmother had a strong influence on my early childhood.,example_sentence,,0,,influence,c-mirXvUBoI_w,contains_word,word-presence-dataset_v1.1.csv,0,0
c-mirXvUBoI_e3,Helen's a good influence on him.,example_sentence,,0,,influence,c-mirXvUBoI_w,contains_word,word-presence-dataset_v1.1.csv,0,0
c-PT1cEougQ_e1,They've adopted a baby girl.,example_sentence,,0,,adopt,c-PT1cEougQ_w,contains_word,word-presence-dataset_v1.1.csv,0,0
c-PT1cEougQ_e2,I have decided to adopt a child,example_sentence,,0,,adopt,c-PT1cEougQ_w,contains_word,word-presence-dataset_v1.1.csv,0,0
c-PT1cEougQ_e3,She is hoping to adopt Australian nationality.,example_sentence,,0,,adopt,c-PT1cEougQ_w,contains_word,word-presence-dataset_v1.1.csv,0,0
c-PT1cEougQ_e4,"They have no children of their own, but they're hoping to adopt.",example_sentence,,0,,adopt,c-PT1cEougQ_w,contains_word,word-presence-dataset_v1.1.csv,0,0
cQHsoQOqsRM_e1,Some abstract art is difficult to understand,example_sentence,,0,,abstract,cQHsoQOqsRM_w,contains_word,word-presence-dataset_v1.1.csv,0,0
cQHsoQOqsRM_e2,"It can be quite difficult to really define abstract ideas, such as love or friendship.",example_sentence,,0,,abstract,cQHsoQOqsRM_w,contains_word,word-presence-dataset_v1.1.csv,0,0
CTRMyQvvHgk_e1,Please don't disturb your sister - she's trying to do her homework.,example_sentence,,0,,disturb,CTRMyQvvHgk_w,contains_word,word-presence-dataset_v1.1.csv,0,0
CTRMyQvvHgk_e2,"Don't disturb me again, "" she said in an irritable voice.",example_sentence,,0,,disturb,CTRMyQvvHgk_w,contains_word,word-presence-dataset_v1.1.csv,0,0
CTRMyQvvHgk_e3,"I'm sorry to disturb you so late, but my car's broken down and I don't have my phone with me.",example_sentence,,0,,disturb,CTRMyQvvHgk_w,contains_word,word-presence-dataset_v1.1.csv,0,0
CTRMyQvvHgk_e4,Please don't disturb me while I'm working.,example_sentence,,0,,disturb,CTRMyQvvHgk_w,contains_word,word-presence-dataset_v1.1.csv,0,0
cUPWJz6KO2c_e1,He loves children and has a certain empathy with them.,example_sentence,,0,,empathy,cUPWJz6KO2c_w,contains_word,word-presence-dataset_v1.1.csv,0,0
cUPWJz6KO2c_e2,The mother feels empathy with her son.,example_sentence,,0,,empathy,cUPWJz6KO2c_w,contains_word,word-presence-dataset_v1.1.csv,0,0
cUPWJz6KO2c_e3,They feel empathy for what he felt.,example_sentence,,0,,empathy,cUPWJz6KO2c_w,contains_word,word-presence-dataset_v1.1.csv,0,0
cUPWJz6KO2c_e4,Empathy is another crucial ingredient when establishing rapport.,example_sentence,,0,,empathy,cUPWJz6KO2c_w,contains_word,word-presence-dataset_v1.1.csv,0,0
cVOJIH7mEas_e1,An excess of enthusiasm is not always a good thing.,example_sentence,,0,,excess,cVOJIH7mEas_w,contains_word,word-presence-dataset_v1.1.csv,0,0
cxZ0S7zefIw_e1,We had to abandon the car.,example_sentence,,0,,abandon,cxZ0S7zefIw_w,contains_word,word-presence-dataset_v1.1.csv,0,0
cxZ0S7zefIw_e2,The house had been abandoned for several years before they     decided to demolish it.,example_sentence,,0,,abandon,cxZ0S7zefIw_w,contains_word,word-presence-dataset_v1.1.csv,0,0
cxZ0S7zefIw_e3,"We were sinking fast, and the captain gave the order to abandon ship.",example_sentence,,0,,abandon,cxZ0S7zefIw_w,contains_word,word-presence-dataset_v1.1.csv,0,0
CYCMCwZN_vc_e1,I fell over and sprained/twisted my ankle.,example_sentence,,0,,ankle,CYCMCwZN_vc_w,contains_word,word-presence-dataset_v1.1.csv,0,0
cZsnmlgNSqY_e1,She transferred the house to her daughter before she died.,example_sentence,,0,,transfer,cZsnmlgNSqY_w,contains_word,word-presence-dataset_v1.1.csv,0,0
D9O50mQ7vRo_e1,The Queen has bestowed a knighthood on him.,example_sentence,,0,,bestow,D9O50mQ7vRo_w,contains_word,word-presence-dataset_v1.1.csv,0,0
D9O50mQ7vRo_e2,The university bestowed an honorary degree upon her.,example_sentence,,0,,bestow,D9O50mQ7vRo_w,contains_word,word-presence-dataset_v1.1.csv,0,0
D9O50mQ7vRo_e3,"During the ceremony, the prime minister will bestow medals of honor to the brave soldiers who rescued their comrades.",example_sentence,,0,,bestow,D9O50mQ7vRo_w,contains_word,word-presence-dataset_v1.1.csv,0,0
D9O50mQ7vRo_e4,The country's highest medal was bestowed upon him for heroism.,example_sentence,,0,,bestow,D9O50mQ7vRo_w,contains_word,word-presence-dataset_v1.1.csv,0,0
DAncSE6TBaA_e1,He became the company's CEO nearly 30 years ago.,example_sentence,,0,,ceo,DAncSE6TBaA_w,contains_word,word-presence-dataset_v1.1.csv,0,0
DAncSE6TBaA_e2,The new CEO will also have to rebuild a management team.,example_sentence,,0,,ceo,DAncSE6TBaA_w,contains_word,word-presence-dataset_v1.1.csv,0,0
DB9Z1FczZoM_e1,Companies will achieve a competitive advantage by attracting and retaining the best talent.,example_sentence,,0,,retain,DB9Z1FczZoM_w,contains_word,word-presence-dataset_v1.1.csv,0,0
DBktOqTh9Uk_e1,One of the good things about teaching young children is their enthusiasm.,example_sentence,,0,,enthusiasm,DBktOqTh9Uk_w,contains_word,word-presence-dataset_v1.1.csv,0,0
DBktOqTh9Uk_e2,After the accident he lost his enthusiasm for the sport.,example_sentence,,0,,enthusiasm,DBktOqTh9Uk_w,contains_word,word-presence-dataset_v1.1.csv,0,0
DBktOqTh9Uk_e3,Parents need to share their enthusiasm with their children.,example_sentence,,0,,enthusiasm,DBktOqTh9Uk_w,contains_word,word-presence-dataset_v1.1.csv,0,0
DBktOqTh9Uk_e4,She has boundless energy and enthusiasm.,example_sentence,,0,,enthusiasm,DBktOqTh9Uk_w,contains_word,word-presence-dataset_v1.1.csv,0,0
DEqpFLzcLXY_e1,Please call this number if you require any further information.,example_sentence,,0,,require,DEqpFLzcLXY_w,contains_word,word-presence-dataset_v1.1.csv,0,0
DEqpFLzcLXY_e2,The rules require that you bring only one guest to the dinner,example_sentence,,0,,require,DEqpFLzcLXY_w,contains_word,word-presence-dataset_v1.1.csv,0,0
DEqpFLzcLXY_e3,This project will require massive investment.,example_sentence,,0,,require,DEqpFLzcLXY_w,contains_word,word-presence-dataset_v1.1.csv,0,0
DEqpFLzcLXY_e4,"If you require assistance with your bags, I'll be glad to get someone to help you.",example_sentence,,0,,require,DEqpFLzcLXY_w,contains_word,word-presence-dataset_v1.1.csv,0,0
dHEY_4DtsMo_e1,Our defense should be strengthened.,example_sentence,,0,,defense,dHEY_4DtsMo_w,contains_word,word-presence-dataset_v1.1.csv,0,0
dHEY_4DtsMo_e2,The best defense is offense.,example_sentence,,0,,defense,dHEY_4DtsMo_w,contains_word,word-presence-dataset_v1.1.csv,0,0
dHEY_4DtsMo_e3,The vaccine strengthens the body's defenses against infection.,example_sentence,,0,,defense,dHEY_4DtsMo_w,contains_word,word-presence-dataset_v1.1.csv,0,0
dHEY_4DtsMo_e4,The defense wants the district Judge to throw out the case.,example_sentence,,0,,defense,dHEY_4DtsMo_w,contains_word,word-presence-dataset_v1.1.csv,0,0
DJdvsTI55Rg_e1,She is skilled at achieving consensus on sensitive issues.,example_sentence,,0,,consensus,DJdvsTI55Rg_w,contains_word,word-presence-dataset_v1.1.csv,0,0
DJdvsTI55Rg_e2,They have always governed by consensus.,example_sentence,,0,,consensus,DJdvsTI55Rg_w,contains_word,word-presence-dataset_v1.1.csv,0,0
DNxiR9b7OOk_e1,Her cheeks were aflame with anger.,example_sentence,,0,,anger,DNxiR9b7OOk_w,contains_word,word-presence-dataset_v1.1.csv,0,0
dokyT_rJn0o_e1,The children snuggled up to their mother to get warm.,example_sentence,,0,,snuggle,dokyT_rJn0o_w,contains_word,word-presence-dataset_v1.1.csv,0,0
DqMYRnRJ94E_e1,The baby was born with a heart problem and only survived for a few hours.,example_sentence,,0,,survive,DqMYRnRJ94E_w,contains_word,word-presence-dataset_v1.1.csv,0,0
DqMYRnRJ94E_e2,These plants cannot survive in very cold conditions.,example_sentence,,0,,survive,DqMYRnRJ94E_w,contains_word,word-presence-dataset_v1.1.csv,0,0
DqMYRnRJ94E_e3,We cannot survive for long without food and drink.,example_sentence,,0,,survive,DqMYRnRJ94E_w,contains_word,word-presence-dataset_v1.1.csv,0,0
DqMYRnRJ94E_e4,The family are struggling to survive on very little money.,example_sentence,,0,,survive,DqMYRnRJ94E_w,contains_word,word-presence-dataset_v1.1.csv,0,0
DqMYRnRJ94E_e5,The front passengers were lucky to survive the accident.,example_sentence,,0,,survive,DqMYRnRJ94E_w,contains_word,word-presence-dataset_v1.1.csv,0,0
dqSzE5KFNZA_e1,"I've already told her, but she won't listen to me either.",example_sentence,,0,,already,dqSzE5KFNZA_w,contains_word,word-presence-dataset_v1.1.csv,0,0
Dt9aqWLkAnI_e1,This book belongs to Sarah.,example_sentence,,0,,belong to,Dt9aqWLkAnI_w,contains_word,word-presence-dataset_v1.1.csv,0,0
Dt9aqWLkAnI_e2,Who does this bag belong to?,example_sentence,,0,,belong to,Dt9aqWLkAnI_w,contains_word,word-presence-dataset_v1.1.csv,0,0
Dt9aqWLkAnI_e3,Put your name in your coat so we can see who it belongs to.,example_sentence,,0,,belong to,Dt9aqWLkAnI_w,contains_word,word-presence-dataset_v1.1.csv,0,0
Dt9aqWLkAnI_e4,I don't know who these shoes belong to.,example_sentence,,0,,belong to,Dt9aqWLkAnI_w,contains_word,word-presence-dataset_v1.1.csv,0,0
-du0Sljs6fg_e1,More political scandals were exposed in the newspapers today.,example_sentence,,0,,expose,-du0Sljs6fg_w,contains_word,word-presence-dataset_v1.1.csv,0,0
DvcwO5iqUlA_e1,What are you two girls whispering about?,example_sentence,,0,,whisper,DvcwO5iqUlA_w,contains_word,word-presence-dataset_v1.1.csv,0,0
DvcwO5iqUlA_e2,She heard them whispering conspiratorially in the bedroom.,example_sentence,,0,,whisper,DvcwO5iqUlA_w,contains_word,word-presence-dataset_v1.1.csv,0,0
dVLZa2PQEII_e1,"When I asked the boss for a day off, he just scowled and told me to get back to work.",example_sentence,,0,,scowl,dVLZa2PQEII_w,contains_word,word-presence-dataset_v1.1.csv,0,0
dVLZa2PQEII_e2,His face was set in a permanent scowl.,example_sentence,,0,,scowl,dVLZa2PQEII_w,contains_word,word-presence-dataset_v1.1.csv,0,0
dVLZa2PQEII_e3,He need not scowl like that.,example_sentence,,0,,scowl,dVLZa2PQEII_w,contains_word,word-presence-dataset_v1.1.csv,0,0
_dwG7oAYTWo_e1,Is there any necessity to reply to her letter?,example_sentence,,0,,necessity,_dwG7oAYTWo_w,contains_word|defines_word,word-description-dataset_v1.1.csv|word-presence-dataset_v1.1.csv,0,0
_dwG7oAYTWo_e2,Water is a necessity of life because failure to drink water in three days will cause death.,example_sentence,,0,,necessity,_dwG7oAYTWo_w,contains_word|defines_word,word-description-dataset_v1.1.csv|word-presence-dataset_v1.1.csv,0,0
_dwG7oAYTWo_e3,"You can come early if you want to, but there's no necessity for it.",example_sentence,,0,,necessity,_dwG7oAYTWo_w,contains_word|defines_word,word-description-dataset_v1.1.csv|word-presence-dataset_v1.1.csv,0,0
_dwG7oAYTWo_e4,"In my work, a computer is a necessity.",example_sentence,,0,,necessity,_dwG7oAYTWo_w,contains_word|defines_word,word-description-dataset_v1.1.csv|word-presence-dataset_v1.1.csv,0,0
e66CYnJ_Oxs_e1,She's a woman with a mission and she's absolutely determined to finish the project.,example_sentence,,0,,mission,e66CYnJ_Oxs_w,contains_word,word-presence-dataset_v1.1.csv,0,0
Efx9Z-mQGHw_e1,I don't know how he can afford a new car on his salary.,example_sentence,,0,,afford,Efx9Z-mQGHw_w,contains_word,word-presence-dataset_v1.1.csv,0,0
Efx9Z-mQGHw_e2,Few people are able to afford cars like that.,example_sentence,,0,,afford,Efx9Z-mQGHw_w,contains_word,word-presence-dataset_v1.1.csv,0,0
Efx9Z-mQGHw_e3,She couldn't afford the time off work to see him.,example_sentence,,0,,afford,Efx9Z-mQGHw_w,contains_word,word-presence-dataset_v1.1.csv,0,0
Efx9Z-mQGHw_e4,I can't afford to buy a house.,example_sentence,,0,,afford,Efx9Z-mQGHw_w,contains_word,word-presence-dataset_v1.1.csv,0,0
eie6yTNbN4k_e1,I don't want to be a burden on my children.,example_sentence,,0,,burden,eie6yTNbN4k_w,contains_word,word-presence-dataset_v1.1.csv,0,0
eiL5yM0oUqc_e1,She was renowned for her eloquence and beauty.,example_sentence,,0,,eloquence,eiL5yM0oUqc_w,contains_word,word-presence-dataset_v1.1.csv,0,0
ekLLpYdKPsY_e1,eccentric clothes,example_sentence,,0,,eccentric,ekLLpYdKPsY_w,contains_word,word-presence-dataset_v1.1.csv,0,0
eMuNhD-cV_o_e1,His mental abilities are very good.,example_sentence,,0,,mental,eMuNhD-cV_o_w,contains_word,word-presence-dataset_v1.1.csv,0,0
eMWPveqzDsE_e1,How do you construe what he did?,example_sentence,,0,,construed,eMWPveqzDsE_w,contains_word,word-presence-dataset_v1.1.csv,0,0
eMWPveqzDsE_e2,He may construe the approach as a hostile act.,example_sentence,,0,,construed,eMWPveqzDsE_w,contains_word,word-presence-dataset_v1.1.csv,0,0
eMWPveqzDsE_e3,We are taught to construe these terms in a particular way.,example_sentence,,0,,construed,eMWPveqzDsE_w,contains_word,word-presence-dataset_v1.1.csv,0,0
eMWPveqzDsE_e4,You may construe the statement of the government spokesman in a number of different ways.,example_sentence,,0,,construed,eMWPveqzDsE_w,contains_word,word-presence-dataset_v1.1.csv,0,0
EPNiDVjb9dA_e1,"In the distance, beyond the river, was a small town.",example_sentence,,0,,beyond,EPNiDVjb9dA_w,contains_word,word-presence-dataset_v1.1.csv,0,0
EPNiDVjb9dA_e2,From the top of the hill we could see our house and the woods beyond.,example_sentence,,0,,beyond,EPNiDVjb9dA_w,contains_word,word-presence-dataset_v1.1.csv,0,0
EPNiDVjb9dA_e3,The path extends beyond the end of the road.,example_sentence,,0,,beyond,EPNiDVjb9dA_w,contains_word,word-presence-dataset_v1.1.csv,0,0
EPNiDVjb9dA_e4,Our house is just beyond the bridge.,example_sentence,,0,,beyond,EPNiDVjb9dA_w,contains_word,word-presence-dataset_v1.1.csv,0,0
e-QGcgqMfKE_e1,Do you love calligraphy?,example_sentence,,0,,calligraphy,e-QGcgqMfKE_w,contains_word,word-presence-dataset_v1.1.csv,0,0
e-QGcgqMfKE_e2,I'm teaching myself calligraphy.,example_sentence,,0,,calligraphy,e-QGcgqMfKE_w,contains_word,word-presence-dataset_v1.1.csv,0,0
e-QGcgqMfKE_e3,Susannah won the calligraphy prize when she was at school.,example_sentence,,0,,calligraphy,e-QGcgqMfKE_w,contains_word,word-presence-dataset_v1.1.csv,0,0
e-QGcgqMfKE_e4,Chinese calligraphy is a beautiful form of expression unique to Asian culture.,example_sentence,,0,,calligraphy,e-QGcgqMfKE_w,contains_word,word-presence-dataset_v1.1.csv,0,0
eSuhRYLOqPw_e1,She returned to live and work in her native Japan,example_sentence,,0,,native,eSuhRYLOqPw_w,contains_word,word-presence-dataset_v1.1.csv,0,0
F0kiWvgS_Mo_e1,How many people does your company employ?,example_sentence,,0,,employ,F0kiWvgS_Mo_w,contains_word,word-presence-dataset_v1.1.csv,0,0
F4s2N8TarlU_e1,I was surprised the CBI didn't press us on some of these more prominent cases.,example_sentence,,0,,prominent,F4s2N8TarlU_w,contains_word,word-presence-dataset_v1.1.csv,0,0
F4s2N8TarlU_e2,She married into a prominent family.,example_sentence,,0,,prominent,F4s2N8TarlU_w,contains_word,word-presence-dataset_v1.1.csv,0,0
F4s2N8TarlU_e3,The house is in a prominent position on the village green.,example_sentence,,0,,prominent,F4s2N8TarlU_w,contains_word,word-presence-dataset_v1.1.csv,0,0
F4s2N8TarlU_e4,She was prominent in the fashion industry.,example_sentence,,0,,prominent,F4s2N8TarlU_w,contains_word,word-presence-dataset_v1.1.csv,0,0
f6Iw1o3XV14_e1,Tina really annoyed me in the meeting this morning.,example_sentence,,0,,annoy,f6Iw1o3XV14_w,contains_word,word-presence-dataset_v1.1.csv,0,0
F6VCtv2uMzY_e1,He was a brilliant raconteur.,example_sentence,,0,,raconteur,F6VCtv2uMzY_w,contains_word,word-presence-dataset_v1.1.csv,0,0
F7hqMlZEL_E_e1,When I watch the tape of his Olympic victory I still choke up.,example_sentence,,0,,choke up,F7hqMlZEL_E_w,contains_word,word-presence-dataset_v1.1.csv,0,0
F7hqMlZEL_E_e2,He admits he choked up a little at the end.,example_sentence,,0,,choke up,F7hqMlZEL_E_w,contains_word,word-presence-dataset_v1.1.csv,0,0
F7hqMlZEL_E_e3,His new car chokes up every time the weather gets cold.,example_sentence,,0,,choke up,F7hqMlZEL_E_w,contains_word,word-presence-dataset_v1.1.csv,0,0
F7hqMlZEL_E_e4,She is so emotional that she chokes up every time someone dies in a movie.,example_sentence,,0,,choke up,F7hqMlZEL_E_w,contains_word,word-presence-dataset_v1.1.csv,0,0
fcwVXkPLpgU_e1,It was a shrewd move to buy your house just before property prices started to rise.,example_sentence,,0,,shrewd,fcwVXkPLpgU_w,contains_word,word-presence-dataset_v1.1.csv,0,0
fcwVXkPLpgU_e2,He's a very shrewd businessman.,example_sentence,,0,,shrewd,fcwVXkPLpgU_w,contains_word,word-presence-dataset_v1.1.csv,0,0
fcwVXkPLpgU_e3,Barbara made some shrewd investments.,example_sentence,,0,,shrewd,fcwVXkPLpgU_w,contains_word,word-presence-dataset_v1.1.csv,0,0
fcwVXkPLpgU_e4,My one big regret is about money - I wish I'd been more shrewd.,example_sentence,,0,,shrewd,fcwVXkPLpgU_w,contains_word,word-presence-dataset_v1.1.csv,0,0
FDJaEKvAQdc_e1,I got a message that she'll be late.,example_sentence,,0,,message,FDJaEKvAQdc_w,contains_word,word-presence-dataset_v1.1.csv,0,0
FFAtBcMZ44Y_e1,He's always quoting from the Bible.,example_sentence,,0,,quote,FFAtBcMZ44Y_w,contains_word,word-presence-dataset_v1.1.csv,0,0
fHagURBiKXE_e1,Please return your seat to an upright position and fasten your belt.,example_sentence,,0,,upright,fHagURBiKXE_w,contains_word,word-presence-dataset_v1.1.csv,0,0
fHagURBiKXE_e2,He has a bad back so an upright chair is more comfortable.,example_sentence,,0,,upright,fHagURBiKXE_w,contains_word,word-presence-dataset_v1.1.csv,0,0
fHagURBiKXE_e3,Seats should be in the upright position during take-off and landing.,example_sentence,,0,,upright,fHagURBiKXE_w,contains_word,word-presence-dataset_v1.1.csv,0,0
fHagURBiKXE_e4,He stood in an upright position.,example_sentence,,0,,upright,fHagURBiKXE_w,contains_word,word-presence-dataset_v1.1.csv,0,0
fHagURBiKXE_e5,Keep the bottles upright.,example_sentence,,0,,upright,fHagURBiKXE_w,contains_word,word-presence-dataset_v1.1.csv,0,0
fhND7fBEQZo_e1,We buy a lot of our groceries in bulk (= in large quantities) to save money.,example_sentence,,0,,bulk,fhND7fBEQZo_w,contains_word,word-presence-dataset_v1.1.csv,0,0
FJA9G_Rs3ow_e1,A mother had to make sacrifices in order to pay for her children's education.,example_sentence,,0,,sacrifice,FJA9G_Rs3ow_w,contains_word,word-presence-dataset_v1.1.csv,0,0
fL4hxu29Mr4_e1,"My finger hurts,"" wailed the child.",example_sentence,,0,,wail,fL4hxu29Mr4_w,contains_word,word-presence-dataset_v1.1.csv,0,0
fL4hxu29Mr4_e2,The four babies were wailing in unison.,example_sentence,,0,,wail,fL4hxu29Mr4_w,contains_word,word-presence-dataset_v1.1.csv,0,0
fL4hxu29Mr4_e3,One of the small children began to wail with terror.,example_sentence,,0,,wail,fL4hxu29Mr4_w,contains_word,word-presence-dataset_v1.1.csv,0,0
fL4hxu29Mr4_e4,She uttered a wail of grief.,example_sentence,,0,,wail,fL4hxu29Mr4_w,contains_word,word-presence-dataset_v1.1.csv,0,0
FmWH_7DnOAo_e1,Hey! You guys need to chillax or I'm telling mom!,example_sentence,,0,,chillax,FmWH_7DnOAo_w,contains_word,word-presence-dataset_v1.1.csv,0,0
FmWH_7DnOAo_e2,He spent the weekend chillaxing at his beach house.,example_sentence,,0,,chillax,FmWH_7DnOAo_w,contains_word,word-presence-dataset_v1.1.csv,0,0
FmWH_7DnOAo_e3,Let's watch a movie with Maria and chillax tonight.,example_sentence,,0,,chillax,FmWH_7DnOAo_w,contains_word,word-presence-dataset_v1.1.csv,0,0
FmWH_7DnOAo_e4,She needs to chillax.,example_sentence,,0,,chillax,FmWH_7DnOAo_w,contains_word,word-presence-dataset_v1.1.csv,0,0
Fpg5dgFQofk_e1,There are five leaflets - please take one of each.,example_sentence,,0,,each,Fpg5dgFQofk_w,contains_word,word-presence-dataset_v1.1.csv,0,0
FQMfuZZB4VI_e1,He felt no remorse for the murders he had committed.,example_sentence,,0,,remorse,FQMfuZZB4VI_w,contains_word,word-presence-dataset_v1.1.csv,0,0
FQMfuZZB4VI_e2,"After the argument, she was filled with remorse.",example_sentence,,0,,remorse,FQMfuZZB4VI_w,contains_word,word-presence-dataset_v1.1.csv,0,0
FQMfuZZB4VI_e3,He felt some remorse at his behaviour.,example_sentence,,0,,remorse,FQMfuZZB4VI_w,contains_word,word-presence-dataset_v1.1.csv,0,0
FQMfuZZB4VI_e4,He was filled with remorse for having refused to visit his dying father.,example_sentence,,0,,remorse,FQMfuZZB4VI_w,contains_word,word-presence-dataset_v1.1.csv,0,0
FRLkJ9K3sVQ_e1,"When I see them eating, I feel impelled to eat, too.",example_sentence,,0,,impel,FRLkJ9K3sVQ_w,contains_word,word-presence-dataset_v1.1.csv,0,0
FRLkJ9K3sVQ_e2,I wonder what it is that impels him to exercise all the time.,example_sentence,,0,,impel,FRLkJ9K3sVQ_w,contains_word,word-presence-dataset_v1.1.csv,0,0
FRLkJ9K3sVQ_e3,Everyone wanted to know what would impel the minister to kill his five children.,example_sentence,,0,,impel,FRLkJ9K3sVQ_w,contains_word,word-presence-dataset_v1.1.csv,0,0
FRLkJ9K3sVQ_e4,They impel him to write the letter,example_sentence,,0,,impel,FRLkJ9K3sVQ_w,contains_word,word-presence-dataset_v1.1.csv,0,0
FRs6fgJZjt4_e1,He's colour-blind and can't distinguish (the difference) between red and green easily.,example_sentence,,0,,distinguish,FRs6fgJZjt4_w,contains_word,word-presence-dataset_v1.1.csv,0,0
FRs6fgJZjt4_e2,I sometimes have difficulty distinguishing Spanish from Portuguese.,example_sentence,,0,,distinguish,FRs6fgJZjt4_w,contains_word,word-presence-dataset_v1.1.csv,0,0
FRs6fgJZjt4_e3,It can be difficult to distinguish between poisonous and edible mushrooms.,example_sentence,,0,,distinguish,FRs6fgJZjt4_w,contains_word,word-presence-dataset_v1.1.csv,0,0
FRs6fgJZjt4_e4,They look so similar it's often difficult to distinguish one from the other.,example_sentence,,0,,distinguish,FRs6fgJZjt4_w,contains_word,word-presence-dataset_v1.1.csv,0,0
fsV1Qztx9wE_e1,The air in the balloon expands when heated.,example_sentence,,0,,expand,fsV1Qztx9wE_w,contains_word,word-presence-dataset_v1.1.csv,0,0
fsV1Qztx9wE_e2,In their efforts to reduce crime the government expanded the police force,example_sentence,,0,,expand,fsV1Qztx9wE_w,contains_word,word-presence-dataset_v1.1.csv,0,0
fsV1Qztx9wE_e3,We have to expand the size of the image.,example_sentence,,0,,expand,fsV1Qztx9wE_w,contains_word,word-presence-dataset_v1.1.csv,0,0
fsV1Qztx9wE_e4,That market has been rapidly expanding.,example_sentence,,0,,expand,fsV1Qztx9wE_w,contains_word,word-presence-dataset_v1.1.csv,0,0
FvCq7gTlVpI_e1,"She was alone and unloved, but she did not repine.",example_sentence,,0,,repine,FvCq7gTlVpI_w,contains_word,word-presence-dataset_v1.1.csv,0,0
FvCq7gTlVpI_e2,The soldiers repine for their families when they are stationed overseas.,example_sentence,,0,,repine,FvCq7gTlVpI_w,contains_word,word-presence-dataset_v1.1.csv,0,0
FvCq7gTlVpI_e3,It does no good for you to repine at your unhappy lot.,example_sentence,,0,,repine,FvCq7gTlVpI_w,contains_word,word-presence-dataset_v1.1.csv,0,0
FvCq7gTlVpI_e4,The little girl began to cry when she started to repine for her family during her first sleepover.,example_sentence,,0,,repine,FvCq7gTlVpI_w,contains_word,word-presence-dataset_v1.1.csv,0,0
Fwfx0nVgcFk_e1,Thousands of buildings collapsed in the earthquake.,example_sentence,,0,,collapse,Fwfx0nVgcFk_w,contains_word,word-presence-dataset_v1.1.csv,0,0
Fwfx0nVgcFk_e2,He thought his whole world had collapsed when his wife died.,example_sentence,,0,,collapse,Fwfx0nVgcFk_w,contains_word,word-presence-dataset_v1.1.csv,0,0
Fwfx0nVgcFk_e3,The roof collapsed under a heavy load of snow,example_sentence,,0,,collapse,Fwfx0nVgcFk_w,contains_word,word-presence-dataset_v1.1.csv,0,0
fXbEW56zHiA_e1,I am very unhappy and displeased with what I have read.,example_sentence,,0,,displeased,fXbEW56zHiA_w,contains_word,word-presence-dataset_v1.1.csv,0,0
fXbEW56zHiA_e2,He says you weren't entirely displeased at the news.,example_sentence,,0,,displeased,fXbEW56zHiA_w,contains_word,word-presence-dataset_v1.1.csv,0,0
fXbEW56zHiA_e3,They are very displeased with me.,example_sentence,,0,,displeased,fXbEW56zHiA_w,contains_word,word-presence-dataset_v1.1.csv,0,0
fXbEW56zHiA_e4,"We're all unhappy and displeased with the position we're in, but I don't see any alternative.",example_sentence,,0,,displeased,fXbEW56zHiA_w,contains_word,word-presence-dataset_v1.1.csv,0,0
FYrSrNzUu_s_e1,We were all enjoined to be on our best behaviour.,example_sentence,,0,,enjoin,FYrSrNzUu_s_w,contains_word,word-presence-dataset_v1.1.csv,0,0
g0q93htmqBk_e1,They're going on an extended holiday to Australia.,example_sentence,,0,,extended,g0q93htmqBk_w,contains_word,word-presence-dataset_v1.1.csv,0,0
g0q93htmqBk_e2,An extended kitchen and new balcony.,example_sentence,,0,,extended,g0q93htmqBk_w,contains_word,word-presence-dataset_v1.1.csv,0,0
G2uGKFEY6ZQ_e1,He shows no overt signs of his unhappiness.,example_sentence,,0,,overt,G2uGKFEY6ZQ_w,contains_word,word-presence-dataset_v1.1.csv,0,0
G2uGKFEY6ZQ_e2,There are no overt somethings damages.,example_sentence,,0,,overt,G2uGKFEY6ZQ_w,contains_word,word-presence-dataset_v1.1.csv,0,0
G2uGKFEY6ZQ_e3,There was little overt support for the project.,example_sentence,,0,,overt,G2uGKFEY6ZQ_w,contains_word,word-presence-dataset_v1.1.csv,0,0
G2uGKFEY6ZQ_e4,His opponent's intention is quite overt.,example_sentence,,0,,overt,G2uGKFEY6ZQ_w,contains_word,word-presence-dataset_v1.1.csv,0,0
G4uo3UzqvGc_e1,Surely the function of the law is to protect everyone's rights.,example_sentence,,0,,protect,G4uo3UzqvGc_w,contains_word,word-presence-dataset_v1.1.csv,0,0
G4uo3UzqvGc_e2,clothing that protects you against the cold,example_sentence,,0,,protect,G4uo3UzqvGc_w,contains_word,word-presence-dataset_v1.1.csv,0,0
G4uo3UzqvGc_e3,It's important to protect your skin from the harmful effects of the sun.,example_sentence,,0,,protect,G4uo3UzqvGc_w,contains_word,word-presence-dataset_v1.1.csv,0,0
G4uo3UzqvGc_e4,Of course the company will act to protect its financial interests in the country if war begins.,example_sentence,,0,,protect,G4uo3UzqvGc_w,contains_word,word-presence-dataset_v1.1.csv,0,0
gAyLOpZm3zc_e1,The sales had started and the bargain hunters (= people looking for things at a low price) were out in force.,example_sentence,,0,,bargain,gAyLOpZm3zc_w,contains_word,word-presence-dataset_v1.1.csv,0,0
gAyLOpZm3zc_e2,The fall in property prices means that there are a lot of bargains waiting to be snapped up.,example_sentence,,0,,bargain,gAyLOpZm3zc_w,contains_word,word-presence-dataset_v1.1.csv,0,0
gAyLOpZm3zc_e3,"Houses in this area used to be a real bargain, but they're not cheap any more.",example_sentence,,0,,bargain,gAyLOpZm3zc_w,contains_word,word-presence-dataset_v1.1.csv,0,0
gAyLOpZm3zc_e4,"We got tickets to the show at half-price, a real bargain.",example_sentence,,0,,bargain,gAyLOpZm3zc_w,contains_word,word-presence-dataset_v1.1.csv,0,0
gBFxE8tJu8Q_e1,Their latest CD is a mixture of new and old songs.,example_sentence,,0,,mixture,gBFxE8tJu8Q_w,contains_word,word-presence-dataset_v1.1.csv,0,0
GbSl8yhZDv8_e1,He asked her out on a date.,example_sentence,,0,,date,GbSl8yhZDv8_w,contains_word,word-presence-dataset_v1.1.csv,0,0
gCckaUKv4WM_e1,The film is not suitable for children.,example_sentence,,0,,suitable,gCckaUKv4WM_w,contains_word,word-presence-dataset_v1.1.csv,0,0
gCckaUKv4WM_e2,He hasn't any suitable shoes for the wedding.,example_sentence,,0,,suitable,gCckaUKv4WM_w,contains_word,word-presence-dataset_v1.1.csv,0,0
gCckaUKv4WM_e3,He was just not suitable for the job.,example_sentence,,0,,suitable,gCckaUKv4WM_w,contains_word,word-presence-dataset_v1.1.csv,0,0
gCckaUKv4WM_e4,Cotton is suitable for wear in summer.,example_sentence,,0,,suitable,gCckaUKv4WM_w,contains_word,word-presence-dataset_v1.1.csv,0,0
gCeq77IenX4_e1,Companies are going to have to be more proactive   about environmental management.,example_sentence,,0,,proactive,gCeq77IenX4_w,contains_word,word-presence-dataset_v1.1.csv,0,0
gCeq77IenX4_e2,"Open and proactive, with good communication and presentation skills.",example_sentence,,0,,proactive,gCeq77IenX4_w,contains_word,word-presence-dataset_v1.1.csv,0,0
gCeq77IenX4_e3,I want our organization to be less reactive and more proactive.,example_sentence,,0,,proactive,gCeq77IenX4_w,contains_word,word-presence-dataset_v1.1.csv,0,0
gCeq77IenX4_e4,Create a proactive cultural awareness of risk issues at corporate and at  the individual level.,example_sentence,,0,,proactive,gCeq77IenX4_w,contains_word,word-presence-dataset_v1.1.csv,0,0
gdERGK7LQP8_e1,The child was bewildered by the noise and the crowds.,example_sentence,,0,,bewildered,gdERGK7LQP8_w,contains_word,word-presence-dataset_v1.1.csv,0,0
gdERGK7LQP8_e2,She was totally bewildered by his message.,example_sentence,,0,,bewildered,gdERGK7LQP8_w,contains_word,word-presence-dataset_v1.1.csv,0,0
gdERGK7LQP8_e3,Many people feel bewildered by the speed of technological innovation.,example_sentence,,0,,bewildered,gdERGK7LQP8_w,contains_word,word-presence-dataset_v1.1.csv,0,0
gdERGK7LQP8_e4,"Arriving in a strange city at night, I felt alone and bewildered.",example_sentence,,0,,bewildered,gdERGK7LQP8_w,contains_word,word-presence-dataset_v1.1.csv,0,0
-Gf2SGGyb4Y_e1,"To the astonishment of her colleagues, she resigned.",example_sentence,,0,,astonishment,-Gf2SGGyb4Y_w,contains_word,word-presence-dataset_v1.1.csv,0,0
Gfl5msAbkjk_e1,The airline has been criticized for failing to heed advice/warnings about lack of safety routines.,example_sentence,,0,,heed,Gfl5msAbkjk_w,contains_word,word-presence-dataset_v1.1.csv,0,0
Gfl5msAbkjk_e2,They gave little heed to the rumours.,example_sentence,,0,,heed,Gfl5msAbkjk_w,contains_word,word-presence-dataset_v1.1.csv,0,0
Gfl5msAbkjk_e3,They failed to heed the lessons of history.,example_sentence,,0,,heed,Gfl5msAbkjk_w,contains_word,word-presence-dataset_v1.1.csv,0,0
Gfl5msAbkjk_e4,Take heed of your doctor's advice.,example_sentence,,0,,heed,Gfl5msAbkjk_w,contains_word,word-presence-dataset_v1.1.csv,0,0
gFlhA6DWhFA_e1,"He knew he had been wrong, and duly apologized.",example_sentence,,0,,duly,gFlhA6DWhFA_w,contains_word,word-presence-dataset_v1.1.csv,0,0
gglZG3bINHs_e1,There has been tenacious local opposition to the new airport.,example_sentence,,0,,tenacious,gglZG3bINHs_w,contains_word,word-presence-dataset_v1.1.csv,0,0
gM7W5P_OrvQ_e1,My kids are trying to convert me to country music.,example_sentence,,0,,convert,gM7W5P_OrvQ_w,contains_word,word-presence-dataset_v1.1.csv,0,0
gM7W5P_OrvQ_e2,Most of the families in the community converted recently.,example_sentence,,0,,convert,gM7W5P_OrvQ_w,contains_word,word-presence-dataset_v1.1.csv,0,0
gM7W5P_OrvQ_e3,Could we convert the small bedroom into a second bathroom?,example_sentence,,0,,convert,gM7W5P_OrvQ_w,contains_word,word-presence-dataset_v1.1.csv,0,0
gM7W5P_OrvQ_e4,He converted to (= started believing in) Catholicism when he got married.,example_sentence,,0,,convert,gM7W5P_OrvQ_w,contains_word,word-presence-dataset_v1.1.csv,0,0
g-MCCzbZUJ4_e1,People were staring and snickering.,example_sentence,,0,,snicker,g-MCCzbZUJ4_w,contains_word,word-presence-dataset_v1.1.csv,0,0
g-MCCzbZUJ4_e2,He wore his hair in a style that made his co-workers snicker.,example_sentence,,0,,snicker,g-MCCzbZUJ4_w,contains_word,word-presence-dataset_v1.1.csv,0,0
g-MCCzbZUJ4_e3,Some people snickered at the very idea of her becoming a pilot.,example_sentence,,0,,snicker,g-MCCzbZUJ4_w,contains_word,word-presence-dataset_v1.1.csv,0,0
g-MCCzbZUJ4_e4,I heard someone snicker.,example_sentence,,0,,snicker,g-MCCzbZUJ4_w,contains_word,word-presence-dataset_v1.1.csv,0,0
GrKIA99UGMI_e1,"Stop being so silly and immature, Chris!",example_sentence,,0,,immature,GrKIA99UGMI_w,contains_word,word-presence-dataset_v1.1.csv,0,0
GrKIA99UGMI_e2,politically immature,example_sentence,,0,,immature,GrKIA99UGMI_w,contains_word,word-presence-dataset_v1.1.csv,0,0
GrKIA99UGMI_e3,"He's a nice little boy, a bit immature, but very intelligent.",example_sentence,,0,,immature,GrKIA99UGMI_w,contains_word,word-presence-dataset_v1.1.csv,0,0
GrKIA99UGMI_e4,He forgave his son's immature behaviour.,example_sentence,,0,,immature,GrKIA99UGMI_w,contains_word,word-presence-dataset_v1.1.csv,0,0
GuQ6ZLzpMXk_e1,in the elevator she pressed the button for the lobby,example_sentence,,0,,elevator,GuQ6ZLzpMXk_w,contains_word,word-presence-dataset_v1.1.csv,0,0
-GwCYXp1DPY_e1,We are focusing on soft skills such as team building and communications.,example_sentence,,0,,soft skills,-GwCYXp1DPY_w,contains_word,word-presence-dataset_v1.1.csv,0,0
-GwCYXp1DPY_e2,"Students will benefit from training in IT skills, English language proficiency, and soft skills",example_sentence,,0,,soft skills,-GwCYXp1DPY_w,contains_word,word-presence-dataset_v1.1.csv,0,0
-GwCYXp1DPY_e3,Many educational institutions are now realising the value of soft skills,example_sentence,,0,,soft skills,-GwCYXp1DPY_w,contains_word,word-presence-dataset_v1.1.csv,0,0
-GwCYXp1DPY_e4,It can even help get the hard and soft skills working together.,example_sentence,,0,,soft skills,-GwCYXp1DPY_w,contains_word,word-presence-dataset_v1.1.csv,0,0
h3gikil15a4_e1,There were lots of kids in my neighborhood when I was growing up.,example_sentence,,0,,neighborhood,h3gikil15a4_w,contains_word,word-presence-dataset_v1.1.csv,0,0
H6a1QmSuToM_e1,It's ridiculous to expect a two-year-old to be able to read!,example_sentence,,0,,ridiculous,H6a1QmSuToM_w,contains_word,word-presence-dataset_v1.1.csv,0,0
H6a1QmSuToM_e2,I've never heard anything so ridiculous.,example_sentence,,0,,ridiculous,H6a1QmSuToM_w,contains_word,word-presence-dataset_v1.1.csv,0,0
H6a1QmSuToM_e3,That's a ridiculous idea!,example_sentence,,0,,ridiculous,H6a1QmSuToM_w,contains_word,word-presence-dataset_v1.1.csv,0,0
H6a1QmSuToM_e4,Does he wear those ridiculous clothes to draw attention?,example_sentence,,0,,ridiculous,H6a1QmSuToM_w,contains_word,word-presence-dataset_v1.1.csv,0,0
h8-4K-hPOW8_e1,They had discussions with Councillor on housing issues and living conditions.,example_sentence,,0,,discussion,h8-4K-hPOW8_w,contains_word,word-presence-dataset_v1.1.csv,0,0
H8GPCrTnXjM_e1,"You said you needed a volunteer- well, I'm willing.",example_sentence,,0,,willing,H8GPCrTnXjM_w,contains_word,word-presence-dataset_v1.1.csv,0,0
H8GPCrTnXjM_e2,She shows a willingness to hard work.,example_sentence,,0,,willing,H8GPCrTnXjM_w,contains_word,word-presence-dataset_v1.1.csv,0,0
HaqqVsp2BuE_e1,I didn't actually see her - I just heard her voice.,example_sentence,,0,,actually,HaqqVsp2BuE_w,contains_word,word-presence-dataset_v1.1.csv,0,0
HbeLuowRM5Q_e1,He wrote a biography of MS Dhoni.,example_sentence,,0,,biography,HbeLuowRM5Q_w,contains_word,word-presence-dataset_v1.1.csv,0,0
HbeLuowRM5Q_e2,Lincoln's biography is read by children all around the world.,example_sentence,,0,,biography,HbeLuowRM5Q_w,contains_word,word-presence-dataset_v1.1.csv,0,0
HbeLuowRM5Q_e3,A good biography is interesting and instructive.,example_sentence,,0,,biography,HbeLuowRM5Q_w,contains_word,word-presence-dataset_v1.1.csv,0,0
HbeLuowRM5Q_e4,She read the little biography next to his photo.,example_sentence,,0,,biography,HbeLuowRM5Q_w,contains_word,word-presence-dataset_v1.1.csv,0,0
hfy-JZGyIMQ_e1,Her boyfriend's a bit weird but she's nice.,example_sentence,,0,,weird,hfy-JZGyIMQ_w,contains_word,word-presence-dataset_v1.1.csv,0,0
hfy-JZGyIMQ_e2,"She is a little weird in the way she dresses, I have to admit.",example_sentence,,0,,weird,hfy-JZGyIMQ_w,contains_word,word-presence-dataset_v1.1.csv,0,0
hfy-JZGyIMQ_e3,He says a lot of weird things.,example_sentence,,0,,weird,hfy-JZGyIMQ_w,contains_word,word-presence-dataset_v1.1.csv,0,0
hfy-JZGyIMQ_e4,I had a really weird dream last night.,example_sentence,,0,,weird,hfy-JZGyIMQ_w,contains_word,word-presence-dataset_v1.1.csv,0,0
HJEGTd-qang_e1,She fell in love with a penniless artist.,example_sentence,,0,,penniless,HJEGTd-qang_w,contains_word,word-presence-dataset_v1.1.csv,0,0
HJEGTd-qang_e2,A series of bad investments left him almost penniless.,example_sentence,,0,,penniless,HJEGTd-qang_w,contains_word,word-presence-dataset_v1.1.csv,0,0
HJEGTd-qang_e3,He found himself penniless in a strange city.,example_sentence,,0,,penniless,HJEGTd-qang_w,contains_word,word-presence-dataset_v1.1.csv,0,0
HJEGTd-qang_e4,Uncle Charlie was jobless and penniless.,example_sentence,,0,,penniless,HJEGTd-qang_w,contains_word,word-presence-dataset_v1.1.csv,0,0
hlBdcAdQnUU_e1,"We could see seals on the rocks, basking in the sun.",example_sentence,,0,,bask,hlBdcAdQnUU_w,contains_word,word-presence-dataset_v1.1.csv,0,0
hlBdcAdQnUU_e2,"On top of the wall, a cat basked happily in the sun.",example_sentence,,0,,bask,hlBdcAdQnUU_w,contains_word,word-presence-dataset_v1.1.csv,0,0
hlBdcAdQnUU_e3,Marina basked in the crowd's admiration (= enjoyed it).,example_sentence,,0,,bask,hlBdcAdQnUU_w,contains_word,word-presence-dataset_v1.1.csv,0,0
hlBdcAdQnUU_e4,Crocodiles bask on the small sandy beaches,example_sentence,,0,,bask,hlBdcAdQnUU_w,contains_word,word-presence-dataset_v1.1.csv,0,0
hQqPbzh4PVk_e1,Lawyers enjoy being adversarial.,example_sentence,,0,,adversarial,hQqPbzh4PVk_w,contains_word,word-presence-dataset_v1.1.csv,0,0
hQudNswgkKE_e1,Chetan Bhagat is famous Indian author.,example_sentence,,0,,author,hQudNswgkKE_w,contains_word,word-presence-dataset_v1.1.csv,0,0
H_ry9HoXblM_e1,He attempted to escape through a window.,example_sentence,,0,,attempt,H_ry9HoXblM_w,contains_word,word-presence-dataset_v1.1.csv,0,0
H_ry9HoXblM_e2,"He attempted a joke, but no one laughed.",example_sentence,,0,,attempt,H_ry9HoXblM_w,contains_word,word-presence-dataset_v1.1.csv,0,0
H_ry9HoXblM_e3,Don't attempt to do these tricks at home.,example_sentence,,0,,attempt,H_ry9HoXblM_w,contains_word,word-presence-dataset_v1.1.csv,0,0
H_ry9HoXblM_e4,The pilot attempted a crash-landing on the beach.,example_sentence,,0,,attempt,H_ry9HoXblM_w,contains_word,word-presence-dataset_v1.1.csv,0,0
HStLfm7kKck_e1,Her work has been crucial to the project's success.,example_sentence,,0,,crucial,HStLfm7kKck_w,contains_word,word-presence-dataset_v1.1.csv,0,0
HStLfm7kKck_e2,Teachers are crucial to the success of the school.,example_sentence,,0,,crucial,HStLfm7kKck_w,contains_word,word-presence-dataset_v1.1.csv,0,0
HStLfm7kKck_e3,Salt is crucial in cooking.,example_sentence,,0,,crucial,HStLfm7kKck_w,contains_word,word-presence-dataset_v1.1.csv,0,0
HStLfm7kKck_e4,It's crucial that we arrive before 8 o'clock.,example_sentence,,0,,crucial,HStLfm7kKck_w,contains_word,word-presence-dataset_v1.1.csv,0,0
HtoVMp9gYOA_e1,The soldier was reported to his superior officer for failing in his duties.,example_sentence,,0,,superior,HtoVMp9gYOA_w,contains_word,word-presence-dataset_v1.1.csv,0,0
HtoVMp9gYOA_e2,I will pass your complaint on to my superiors.,example_sentence,,0,,superior,HtoVMp9gYOA_w,contains_word,word-presence-dataset_v1.1.csv,0,0
HtoVMp9gYOA_e3,"When your superior officer gives you an order, you do it.",example_sentence,,0,,superior,HtoVMp9gYOA_w,contains_word,word-presence-dataset_v1.1.csv,0,0
HtoVMp9gYOA_e4,Travel expenses must be authorized and approved by your superiors.,example_sentence,,0,,superior,HtoVMp9gYOA_w,contains_word,word-presence-dataset_v1.1.csv,0,0
HursY-R9rqE_e1,These pills should ease the pain.,example_sentence,,0,,ease,HursY-R9rqE_w,contains_word,word-presence-dataset_v1.1.csv,0,0
HursY-R9rqE_e2,I can ease that tension.,example_sentence,,0,,ease,HursY-R9rqE_w,contains_word,word-presence-dataset_v1.1.csv,0,0
HursY-R9rqE_e3,The look on his face made her want to hug him and ease his fear.,example_sentence,,0,,ease,HursY-R9rqE_w,contains_word,word-presence-dataset_v1.1.csv,0,0
HursY-R9rqE_e4,Meditation should ease the suffering.,example_sentence,,0,,ease,HursY-R9rqE_w,contains_word,word-presence-dataset_v1.1.csv,0,0
HursY-R9rqE_e5,Massage helps ease the pain.,example_sentence,,0,,ease,HursY-R9rqE_w,contains_word,word-presence-dataset_v1.1.csv,0,0
HYuXJFqNOtk_e1,He was released from prison after serving two years of a five-year sentence with bail.,example_sentence,,0,,release,HYuXJFqNOtk_w,contains_word,word-presence-dataset_v1.1.csv,0,0
Hz_bFjlgUQw_e1,"In Parliament today, MPs debated the Finance Bill.",example_sentence,,0,,debate,Hz_bFjlgUQw_w,contains_word,word-presence-dataset_v1.1.csv,0,0
-hZpPIT6N4U_e1,She felt she needed time to reflect on what to do next.,example_sentence,,0,,reflect,-hZpPIT6N4U_w,contains_word,word-presence-dataset_v1.1.csv,0,0
I1dQ1sS8Lio_e1,He began the race for governor as the underdog.,example_sentence,,0,,underdog - 2,I1dQ1sS8Lio_w,contains_word,word-presence-dataset_v1.1.csv,0,0
I6_GW8TBU3E_e1,"When I started out my career, I was an agnostic.",example_sentence,,0,,agnostic,I6_GW8TBU3E_w,contains_word,word-presence-dataset_v1.1.csv,0,0
I96CIiP3WZc_e1,I've forgotten my umbrella - what a nuisance!,example_sentence,,0,,nuisance,I96CIiP3WZc_w,contains_word,word-presence-dataset_v1.1.csv,0,0
I96CIiP3WZc_e2,"It's a cursed nuisance, having to work late every evening!",example_sentence,,0,,nuisance,I96CIiP3WZc_w,contains_word,word-presence-dataset_v1.1.csv,0,0
I96CIiP3WZc_e3,She's a terrible nuisance.,example_sentence,,0,,nuisance,I96CIiP3WZc_w,contains_word,word-presence-dataset_v1.1.csv,0,0
I96CIiP3WZc_e4,It's a nuisance filling out all these forms.,example_sentence,,0,,nuisance,I96CIiP3WZc_w,contains_word,word-presence-dataset_v1.1.csv,0,0
I96CIiP3WZc_e5,The rail strike is a bloody nuisance,example_sentence,,0,,nuisance,I96CIiP3WZc_w,contains_word,word-presence-dataset_v1.1.csv,0,0
IBOW-mmD4hg_e1,"Are you feeling any better?"" ""No!"" was the terse reply.",example_sentence,,0,,terse,IBOW-mmD4hg_w,contains_word,word-presence-dataset_v1.1.csv,0,0
IBOW-mmD4hg_e2,The President issued a terse statement denying the charges.,example_sentence,,0,,terse,IBOW-mmD4hg_w,contains_word,word-presence-dataset_v1.1.csv,0,0
IBOW-mmD4hg_e3,Her reply about the matter was terse.,example_sentence,,0,,terse,IBOW-mmD4hg_w,contains_word,word-presence-dataset_v1.1.csv,0,0
IBOW-mmD4hg_e4,Ashley gave a terse silent laugh.,example_sentence,,0,,terse,IBOW-mmD4hg_w,contains_word,word-presence-dataset_v1.1.csv,0,0
ICg_JsFuHVs_e1,I don't understand. You'll have to elucidate.,example_sentence,,0,,elucidate,ICg_JsFuHVs_w,contains_word,word-presence-dataset_v1.1.csv,0,0
ICg_JsFuHVs_e2,The reasons for the change in weather conditions have been elucidated by several scientists.,example_sentence,,0,,elucidate,ICg_JsFuHVs_w,contains_word,word-presence-dataset_v1.1.csv,0,0
ICg_JsFuHVs_e3,I hope my book will elucidate the complex issues we face.,example_sentence,,0,,elucidate,ICg_JsFuHVs_w,contains_word,word-presence-dataset_v1.1.csv,0,0
ICg_JsFuHVs_e4,Please elucidate the reasons for your decision.,example_sentence,,0,,elucidate,ICg_JsFuHVs_w,contains_word,word-presence-dataset_v1.1.csv,0,0
IcTCDlydAHk_e1,It's still not working properly.,example_sentence,,0,,properly,IcTCDlydAHk_w,contains_word,word-presence-dataset_v1.1.csv,0,0
IcTCDlydAHk_e2,I'm not properly dressed for this kind of weather.,example_sentence,,0,,properly,IcTCDlydAHk_w,contains_word,word-presence-dataset_v1.1.csv,0,0
IcTCDlydAHk_e3,It takes about five minutes to iron a shirt properly.,example_sentence,,0,,properly,IcTCDlydAHk_w,contains_word,word-presence-dataset_v1.1.csv,0,0
IcTCDlydAHk_e4,"The doctors are doing all that they can, but she's still not breathing properly.",example_sentence,,0,,properly,IcTCDlydAHk_w,contains_word,word-presence-dataset_v1.1.csv,0,0
IfXpH2RFlP4_e1,His leg was shattered in the accident.,example_sentence,,0,,shatter,IfXpH2RFlP4_w,contains_word,word-presence-dataset_v1.1.csv,0,0
IfXpH2RFlP4_e2,The glass shattered into pieces,example_sentence,,0,,shatter,IfXpH2RFlP4_w,contains_word,word-presence-dataset_v1.1.csv,0,0
IfXpH2RFlP4_e3,The earthquake shattered all the windows in the building.,example_sentence,,0,,shatter,IfXpH2RFlP4_w,contains_word,word-presence-dataset_v1.1.csv,0,0
IfXpH2RFlP4_e4,The vase fell to the floor and shattered.,example_sentence,,0,,shatter,IfXpH2RFlP4_w,contains_word,word-presence-dataset_v1.1.csv,0,0
iG66ukXl8o0_e1,It is a great honour to be invited.,example_sentence,,0,,honour,iG66ukXl8o0_w,contains_word,word-presence-dataset_v1.1.csv,0,0
iG66ukXl8o0_e2,We are honoured (= proud and happy) to have you here tonight.,example_sentence,,0,,honour,iG66ukXl8o0_w,contains_word,word-presence-dataset_v1.1.csv,0,0
iG66ukXl8o0_e3,Great honour attaches to winning this award.,example_sentence,,0,,honour,iG66ukXl8o0_w,contains_word,word-presence-dataset_v1.1.csv,0,0
iG66ukXl8o0_e4,She has brought honour to her family.,example_sentence,,0,,honour,iG66ukXl8o0_w,contains_word,word-presence-dataset_v1.1.csv,0,0
IGjd6dWiXvE_e1,She's very much a hands-on manager.,example_sentence,,0,,manager,IGjd6dWiXvE_w,contains_word,word-presence-dataset_v1.1.csv,0,0
IGjd6dWiXvE_e2,2.I've spoken to the manager about it.,example_sentence,,0,,manager,IGjd6dWiXvE_w,contains_word,word-presence-dataset_v1.1.csv,0,0
IGjd6dWiXvE_e3,3.He has filed his resignation with the manager.,example_sentence,,0,,manager,IGjd6dWiXvE_w,contains_word,word-presence-dataset_v1.1.csv,0,0
IGjd6dWiXvE_e4,My wife is an excellent manager.,example_sentence,,0,,manager,IGjd6dWiXvE_w,contains_word,word-presence-dataset_v1.1.csv,0,0
igs1Z9qDB1k_e1,The lifeboat rescued the sailors from the sinking boat.,example_sentence,,0,,rescue,igs1Z9qDB1k_w,contains_word,word-presence-dataset_v1.1.csv,0,0
igs1Z9qDB1k_e2,"They shouted for help, but nobody came to rescue them.",example_sentence,,0,,rescue,igs1Z9qDB1k_w,contains_word,word-presence-dataset_v1.1.csv,0,0
igs1Z9qDB1k_e3,Six people were rescued by helicopter from a fishing boat in distress off the Cornish coast.,example_sentence,,0,,rescue,igs1Z9qDB1k_w,contains_word,word-presence-dataset_v1.1.csv,0,0
igs1Z9qDB1k_e4,Firemen rescued a man trapped in the river,example_sentence,,0,,rescue,igs1Z9qDB1k_w,contains_word,word-presence-dataset_v1.1.csv,0,0
Ihhwph3nCnI_e1,The urge to steal is very strong in some of these young men.,example_sentence,,0,,urge,Ihhwph3nCnI_w,contains_word,word-presence-dataset_v1.1.csv,0,0
Ihhwph3nCnI_e2,I can never resist the urge to laugh.,example_sentence,,0,,urge,Ihhwph3nCnI_w,contains_word,word-presence-dataset_v1.1.csv,0,0
Ihhwph3nCnI_e3,I had a sudden urge to slap him in the face.,example_sentence,,0,,urge,Ihhwph3nCnI_w,contains_word,word-presence-dataset_v1.1.csv,0,0
Ihhwph3nCnI_e4,She felt an overwhelming urge to tell someone about what had happened.,example_sentence,,0,,urge,Ihhwph3nCnI_w,contains_word,word-presence-dataset_v1.1.csv,0,0
ii0pewO8jNI_e1,There was a lot of surreptitious advertising for the hidden cafe!,example_sentence,,0,,surreptitious,ii0pewO8jNI_w,contains_word,word-presence-dataset_v1.1.csv,0,0
ii0pewO8jNI_e2,He made a surreptitious recording with a concealed hand-held machine.,example_sentence,,0,,surreptitious,ii0pewO8jNI_w,contains_word,word-presence-dataset_v1.1.csv,0,0
IK7897iu8Yw_e1,The inquiry reports (= will officially make its results known) next week.,example_sentence,,0,,report,IK7897iu8Yw_w,contains_word,word-presence-dataset_v1.1.csv,0,0
IK7897iu8Yw_e2,I want you to report (to me) on progress (= on what you have done) every Friday.,example_sentence,,0,,report,IK7897iu8Yw_w,contains_word,word-presence-dataset_v1.1.csv,0,0
IK7897iu8Yw_e3,We called the police to report the theft.,example_sentence,,0,,report,IK7897iu8Yw_w,contains_word,word-presence-dataset_v1.1.csv,0,0
IK7897iu8Yw_e4,He reported to his teacher.,example_sentence,,0,,report,IK7897iu8Yw_w,contains_word,word-presence-dataset_v1.1.csv,0,0
ilnQNJFBNao_e1,Licenses can be revoked for up to five years.,example_sentence,,0,,revoke,ilnQNJFBNao_w,contains_word,word-presence-dataset_v1.1.csv,0,0
ilnQNJFBNao_e2,A testator can revoke his will at any time during his life.,example_sentence,,0,,revoke,ilnQNJFBNao_w,contains_word,word-presence-dataset_v1.1.csv,0,0
ilnQNJFBNao_e3,The university may revoke my diploma.,example_sentence,,0,,revoke,ilnQNJFBNao_w,contains_word,word-presence-dataset_v1.1.csv,0,0
ilnQNJFBNao_e4,You cannot revoke privileges for a single member of the group.,example_sentence,,0,,revoke,ilnQNJFBNao_w,contains_word,word-presence-dataset_v1.1.csv,0,0
iLsdj7Jf6MQ_e1,The town finally succumbed last week after being pounded with heavy artillery for more than two months.,example_sentence,,0,,succumb,iLsdj7Jf6MQ_w,contains_word,word-presence-dataset_v1.1.csv,0,0
iQh2Ly1TSpQ_e1,We spent the morning wandering around the old part of the city.,example_sentence,,0,,wander,iQh2Ly1TSpQ_w,contains_word,word-presence-dataset_v1.1.csv,0,0
IsJNIZuIWrk_e1,Her paintings depict the lives of ordinary people in the last century.,example_sentence,,0,,depict,IsJNIZuIWrk_w,contains_word,word-presence-dataset_v1.1.csv,0,0
IsJNIZuIWrk_e2,People were shocked by the advertisement which depicted a woman beating her husband,example_sentence,,0,,depict,IsJNIZuIWrk_w,contains_word,word-presence-dataset_v1.1.csv,0,0
IsJNIZuIWrk_e3,"Children's books often depict farmyard animals as gentle, lovable creatures.",example_sentence,,0,,depict,IsJNIZuIWrk_w,contains_word,word-presence-dataset_v1.1.csv,0,0
IsJNIZuIWrk_e4,In the film she's depicted as a very cold and calculating character.,example_sentence,,0,,depict,IsJNIZuIWrk_w,contains_word,word-presence-dataset_v1.1.csv,0,0
iubciNlbhh8_e1,The crates had not been properly secured to the truck.,example_sentence,,0,,secured,iubciNlbhh8_w,contains_word,word-presence-dataset_v1.1.csv,0,0
iZ48KAEeNMI_e1,I have a craving for chocolate.,example_sentence,,0,,craving,iZ48KAEeNMI_w,contains_word,word-presence-dataset_v1.1.csv,0,0
iZ48KAEeNMI_e2,He had a craving to see the world.,example_sentence,,0,,craving,iZ48KAEeNMI_w,contains_word,word-presence-dataset_v1.1.csv,0,0
iZ48KAEeNMI_e3,They are driven by a craving for personal glory.,example_sentence,,0,,craving,iZ48KAEeNMI_w,contains_word,word-presence-dataset_v1.1.csv,0,0
iZ48KAEeNMI_e4,He finally surrendered to his craving for drugs.,example_sentence,,0,,craving,iZ48KAEeNMI_w,contains_word,word-presence-dataset_v1.1.csv,0,0
J1xPH6Rugio_e1,Guests are encouraged to avail themselves of the full range of hotel facilities.,example_sentence,,0,,avail of,J1xPH6Rugio_w,contains_word,word-presence-dataset_v1.1.csv,0,0
J1xPH6Rugio_e2,So what can Irish bands do to avail of the new possibilities?,example_sentence,,0,,avail of,J1xPH6Rugio_w,contains_word,word-presence-dataset_v1.1.csv,0,0
J1xPH6Rugio_e3,"My dear students, I encourage you to avail yourself of the campus library as much as possible.",example_sentence,,0,,avail of,J1xPH6Rugio_w,contains_word,word-presence-dataset_v1.1.csv,0,0
J1xPH6Rugio_e4,There are two ways to avail of cell phone service.,example_sentence,,0,,avail of,J1xPH6Rugio_w,contains_word,word-presence-dataset_v1.1.csv,0,0
j256zuxyfwI_e1,We don't anticipate any trouble.,example_sentence,,0,,anticipate,j256zuxyfwI_w,contains_word,word-presence-dataset_v1.1.csv,0,0
j3cflScQLfo_e1,Is there any qualitative difference between these two DVD players?,example_sentence,,0,,qualitative,j3cflScQLfo_w,contains_word,word-presence-dataset_v1.1.csv,0,0
j60L0ng_gGs_e1,The police seem certain (that) they will find the people responsible for the attack.,example_sentence,,0,,certain,j60L0ng_gGs_w,contains_word,word-presence-dataset_v1.1.csv,0,0
j60L0ng_gGs_e2,I'm absolutely certain I left my purse on the desk.,example_sentence,,0,,certain,j60L0ng_gGs_w,contains_word,word-presence-dataset_v1.1.csv,0,0
j60L0ng_gGs_e3,Make certain that we have enough drink for the party.,example_sentence,,0,,certain,j60L0ng_gGs_w,contains_word,word-presence-dataset_v1.1.csv,0,0
j60L0ng_gGs_e4,He's not certain whether to invest in the property market.,example_sentence,,0,,certain,j60L0ng_gGs_w,contains_word,word-presence-dataset_v1.1.csv,0,0
j8-wc_TJVAQ_e1,1.She decided to take direct control of the project.,example_sentence,,0,,control,j8-wc_TJVAQ_w,contains_word,word-presence-dataset_v1.1.csv,0,0
j8-wc_TJVAQ_e2,The government is trying to control spending.,example_sentence,,0,,control,j8-wc_TJVAQ_w,contains_word,word-presence-dataset_v1.1.csv,0,0
jE5xC_IBFVM_e1,The president is getting twitchy about the fall in his popularity.,example_sentence,,0,,twitchy,jE5xC_IBFVM_w,contains_word,word-presence-dataset_v1.1.csv,0,0
jE5xC_IBFVM_e2,She felt twitchy about the man hovering in the background,example_sentence,,0,,twitchy,jE5xC_IBFVM_w,contains_word,word-presence-dataset_v1.1.csv,0,0
jE5xC_IBFVM_e3,You'll feel something twitch the line when you get a fish.,example_sentence,,0,,twitchy,jE5xC_IBFVM_w,contains_word,word-presence-dataset_v1.1.csv,0,0
jE5xC_IBFVM_e4,"That said, I did have a twitchy moment, watching this morning 's interview",example_sentence,,0,,twitchy,jE5xC_IBFVM_w,contains_word,word-presence-dataset_v1.1.csv,0,0
JHTL19FXRDs_e1,They stood in stunned silence beside the bodies.,example_sentence,,0,,stunned,JHTL19FXRDs_w,contains_word,word-presence-dataset_v1.1.csv,0,0
JHTL19FXRDs_e2,I am stunned and saddened by this news.,example_sentence,,0,,stunned,JHTL19FXRDs_w,contains_word,word-presence-dataset_v1.1.csv,0,0
JHTL19FXRDs_e3,He looked completely stunned.,example_sentence,,0,,stunned,JHTL19FXRDs_w,contains_word,word-presence-dataset_v1.1.csv,0,0
JHTL19FXRDs_e4,The impact of the ball had stunned her.,example_sentence,,0,,stunned,JHTL19FXRDs_w,contains_word,word-presence-dataset_v1.1.csv,0,0
jIpDX-xNPI4_e1,That one zygote cell divided to produce the first true chicken.,example_sentence,,0,,zygote,jIpDX-xNPI4_w,contains_word,word-presence-dataset_v1.1.csv,0,0
jk1P2yRbrEA_e1,Her resignation was completely unexpected.,example_sentence,,0,,unexpected,jk1P2yRbrEA_w,contains_word,word-presence-dataset_v1.1.csv,0,0
jk1P2yRbrEA_e2,How lovely to see you here - this really is an unexpected pleasure!,example_sentence,,0,,unexpected,jk1P2yRbrEA_w,contains_word,word-presence-dataset_v1.1.csv,0,0
jk1P2yRbrEA_e3,The president made an unexpected announcement this morning.,example_sentence,,0,,unexpected,jk1P2yRbrEA_w,contains_word,word-presence-dataset_v1.1.csv,0,0
jk1P2yRbrEA_e4,The research produced some rather unexpected results.,example_sentence,,0,,unexpected,jk1P2yRbrEA_w,contains_word,word-presence-dataset_v1.1.csv,0,0
jkNrqIsk3v0_e1,"On 20 July, the town council was summoned to hear an emergency report on its finances.",example_sentence,,0,,summon,jkNrqIsk3v0_w,contains_word,word-presence-dataset_v1.1.csv,0,0
jkNrqIsk3v0_e2,She summoned us to admire her new greenhouse.,example_sentence,,0,,summon,jkNrqIsk3v0_w,contains_word,word-presence-dataset_v1.1.csv,0,0
jkNrqIsk3v0_e3,We were summoned to the headmaster's office.,example_sentence,,0,,summon,jkNrqIsk3v0_w,contains_word,word-presence-dataset_v1.1.csv,0,0
jkNrqIsk3v0_e4,"After her month's sick leave, she was summoned to see the company's welfare officer.",example_sentence,,0,,summon,jkNrqIsk3v0_w,contains_word,word-presence-dataset_v1.1.csv,0,0
JNhM-G9lIKQ_e1,I didn't want to agitate her by telling her.,example_sentence,,0,,agitate,JNhM-G9lIKQ_w,contains_word,word-presence-dataset_v1.1.csv,0,0
jO3GFm_acBs_e1,Stand with your feet wide apart.,example_sentence,,0,,apart,jO3GFm_acBs_w,contains_word,word-presence-dataset_v1.1.csv,0,0
jO3GFm_acBs_e2,The two lines of children moved slowly apart.,example_sentence,,0,,apart,jO3GFm_acBs_w,contains_word,word-presence-dataset_v1.1.csv,0,0
jO3GFm_acBs_e3,"We both travel a lot, but when we're apart we keep in touch by phone.",example_sentence,,0,,apart,jO3GFm_acBs_w,contains_word,word-presence-dataset_v1.1.csv,0,0
jO3GFm_acBs_e4,Ray and sister Renee lived just 50km apart from each other.,example_sentence,,0,,apart,jO3GFm_acBs_w,contains_word,word-presence-dataset_v1.1.csv,0,0
Jq3XIYZKLPc_e1,The city has a population of almost a/one million.,example_sentence,,0,,million,Jq3XIYZKLPc_w,contains_word,word-presence-dataset_v1.1.csv,0,0
Jr3c4UUVf0I_e1,"It's a waste of time,' he concluded.",example_sentence,,0,,conclude,Jr3c4UUVf0I_w,contains_word,word-presence-dataset_v1.1.csv,0,0
Jr3c4UUVf0I_e2,The concert concluded with the National Anthem.,example_sentence,,0,,conclude,Jr3c4UUVf0I_w,contains_word,word-presence-dataset_v1.1.csv,0,0
Jr3c4UUVf0I_e3,"Before I conclude, I'd like to thank you all for coming.",example_sentence,,0,,conclude,Jr3c4UUVf0I_w,contains_word,word-presence-dataset_v1.1.csv,0,0
Jr3c4UUVf0I_e4,The sales convention will conclude as planned on Sunday.,example_sentence,,0,,conclude,Jr3c4UUVf0I_w,contains_word,word-presence-dataset_v1.1.csv,0,0
-jTNHftz4Pk_e1,The governor could be pressured to resign by a vote of censure.,example_sentence,,0,,censure,-jTNHftz4Pk_w,contains_word,word-presence-dataset_v1.1.csv,0,0
-jTNHftz4Pk_e2,You must not censure him until you know the whole story.,example_sentence,,0,,censure,-jTNHftz4Pk_w,contains_word,word-presence-dataset_v1.1.csv,0,0
-jTNHftz4Pk_e3,He could face censure from his colleagues.,example_sentence,,0,,censure,-jTNHftz4Pk_w,contains_word,word-presence-dataset_v1.1.csv,0,0
-jTNHftz4Pk_e4,His dishonest behaviour came under severe censure.,example_sentence,,0,,censure,-jTNHftz4Pk_w,contains_word,word-presence-dataset_v1.1.csv,0,0
JyqULf1GsxQ_e1,They usually give you a discount if you buy multiple copies.,example_sentence,,0,,multiple,JyqULf1GsxQ_w,contains_word,word-presence-dataset_v1.1.csv,0,0
jYVESnkt5pc_e1,Doubts were cast on the veracity of her alibi.,example_sentence,,0,,veracity,jYVESnkt5pc_w,contains_word,word-presence-dataset_v1.1.csv,0,0
jYVESnkt5pc_e2,The chairman disallowed the veracity of his report.,example_sentence,,0,,veracity,jYVESnkt5pc_w,contains_word,word-presence-dataset_v1.1.csv,0,0
jYVESnkt5pc_e3,I don't doubt the veracity of your report.,example_sentence,,0,,veracity,jYVESnkt5pc_w,contains_word,word-presence-dataset_v1.1.csv,0,0
jYVESnkt5pc_e4,We have total confidence in the veracity of our research.,example_sentence,,0,,veracity,jYVESnkt5pc_w,contains_word,word-presence-dataset_v1.1.csv,0,0
kA8MCHBN9tE_e1,Critics expressed unreserved enthusiasm for the book.,example_sentence,,0,,unreserved,kA8MCHBN9tE_w,contains_word,word-presence-dataset_v1.1.csv,0,0
KAAJ7HSglDA_e1,The food was abysmal.,example_sentence,,0,,abysmal,KAAJ7HSglDA_w,contains_word,word-presence-dataset_v1.1.csv,0,0
KH9awHgg9Uw_e1,She's cramming for her history exam.,example_sentence,,0,,cram,KH9awHgg9Uw_w,contains_word,word-presence-dataset_v1.1.csv,0,0
KH9awHgg9Uw_e2,He spent all night cramming for the test.,example_sentence,,0,,cram,KH9awHgg9Uw_w,contains_word,word-presence-dataset_v1.1.csv,0,0
KI9kybD4Jig_e1,The couple have separated but he wants a reconciliation.,example_sentence,,0,,reconciliation,KI9kybD4Jig_w,contains_word,word-presence-dataset_v1.1.csv,0,0
Kiokngu9sGI_e1,The rock weighed over a ton and was completely immovable.,example_sentence,,0,,immovable,Kiokngu9sGI_w,contains_word,word-presence-dataset_v1.1.csv,0,0
Kiokngu9sGI_e2,Lock your bike to something immovable like a railing.,example_sentence,,0,,immovable,Kiokngu9sGI_w,contains_word,word-presence-dataset_v1.1.csv,0,0
Kiokngu9sGI_e3,The president is immovable on this issue.,example_sentence,,0,,immovable,Kiokngu9sGI_w,contains_word,word-presence-dataset_v1.1.csv,0,0
Kiokngu9sGI_e4,It is as immovable as the rocks in the mountains.,example_sentence,,0,,immovable,Kiokngu9sGI_w,contains_word,word-presence-dataset_v1.1.csv,0,0
KiOQbd1JaDg_e1,"From all the puppies, we picked out the smallest one to take home.",example_sentence,,0,,pick out,KiOQbd1JaDg_w,contains_word,word-presence-dataset_v1.1.csv,0,0
KiOQbd1JaDg_e2,Could you help me to pick out the yellow pieces?,example_sentence,,0,,pick out,KiOQbd1JaDg_w,contains_word,word-presence-dataset_v1.1.csv,0,0
KiOQbd1JaDg_e3,Let's pick out the bad potatoes from the basket.,example_sentence,,0,,pick out,KiOQbd1JaDg_w,contains_word,word-presence-dataset_v1.1.csv,0,0
kJA8CfMH3Kg_e1,He emphasized that all the people taking part in the research were volunteers.,example_sentence,,0,,emphasize,kJA8CfMH3Kg_w,contains_word,word-presence-dataset_v1.1.csv,0,0
kJA8CfMH3Kg_e2,You can use italics or capitals to emphasize a word in a piece of writing.,example_sentence,,0,,emphasize,kJA8CfMH3Kg_w,contains_word,word-presence-dataset_v1.1.csv,0,0
kJA8CfMH3Kg_e3,I'd just like to emphasize how important it is for people to learn foreign languages.,example_sentence,,0,,emphasize,kJA8CfMH3Kg_w,contains_word,word-presence-dataset_v1.1.csv,0,0
kJA8CfMH3Kg_e4,He emphasized how important diet was to health.,example_sentence,,0,,emphasize,kJA8CfMH3Kg_w,contains_word,word-presence-dataset_v1.1.csv,0,0
KJrJbhqosag_e1,What's the matter? Why are you crying?,example_sentence,,0,,matter,KJrJbhqosag_w,contains_word,word-presence-dataset_v1.1.csv,0,0
KJrJbhqosag_e2,What's the matter with your hand? It's bleeding.,example_sentence,,0,,matter,KJrJbhqosag_w,contains_word,word-presence-dataset_v1.1.csv,0,0
KJrJbhqosag_e3,"I don't know what the matter is with the car, but it won't start.",example_sentence,,0,,matter,KJrJbhqosag_w,contains_word,word-presence-dataset_v1.1.csv,0,0
KJrJbhqosag_e4,You look upset - is anything the matter?,example_sentence,,0,,matter,KJrJbhqosag_w,contains_word,word-presence-dataset_v1.1.csv,0,0
KMBGtVdcDzE_e1,My sister  is a bibliophile .,example_sentence,,0,,bibliophile,KMBGtVdcDzE_w,contains_word,word-presence-dataset_v1.1.csv,0,0
KMBGtVdcDzE_e2,Jason is a bibliophile who reads at least four books every day.,example_sentence,,0,,bibliophile,KMBGtVdcDzE_w,contains_word,word-presence-dataset_v1.1.csv,0,0
KMBGtVdcDzE_e3,Ted loves everything about books. He is a real bibliophile.,example_sentence,,0,,bibliophile,KMBGtVdcDzE_w,contains_word,word-presence-dataset_v1.1.csv,0,0
KMBGtVdcDzE_e4,My father is a bibliophile who can easily spend hours in a bookstore.,example_sentence,,0,,bibliophile,KMBGtVdcDzE_w,contains_word,word-presence-dataset_v1.1.csv,0,0
KQpXEZpNF1s_e1,The train slowed down and then stopped altogether.,example_sentence,,0,,altogether,KQpXEZpNF1s_w,contains_word,word-presence-dataset_v1.1.csv,0,0
ktRQjBfCn-U_e1,Many busy executives have begun to practice yoga and meditation,example_sentence,,0,,meditation,ktRQjBfCn-U_w,contains_word,word-presence-dataset_v1.1.csv,0,0
ktRQjBfCn-U_e2,She practices meditation,example_sentence,,0,,meditation,ktRQjBfCn-U_w,contains_word,word-presence-dataset_v1.1.csv,0,0
ktRQjBfCn-U_e3,Techniques of deep meditation help people under stress,example_sentence,,0,,meditation,ktRQjBfCn-U_w,contains_word,word-presence-dataset_v1.1.csv,0,0
ktRQjBfCn-U_e4,Learning meditation changed her life.,example_sentence,,0,,meditation,ktRQjBfCn-U_w,contains_word,word-presence-dataset_v1.1.csv,0,0
kxz4AA9lNmY_e1,"She did ask her dad if she could have a big party, but the old spoilsport refused.",example_sentence,,0,,spoilsport,kxz4AA9lNmY_w,contains_word,word-presence-dataset_v1.1.csv,0,0
kxz4AA9lNmY_e2,"Don't be a spoilsport, Richard. Come play with us.",example_sentence,,0,,spoilsport,kxz4AA9lNmY_w,contains_word,word-presence-dataset_v1.1.csv,0,0
kxz4AA9lNmY_e3,Accuse me of being a spoilsport and I will plead guilty.,example_sentence,,0,,spoilsport,kxz4AA9lNmY_w,contains_word,word-presence-dataset_v1.1.csv,0,0
kxz4AA9lNmY_e4,"I decline, and feel like a spoilsport.",example_sentence,,0,,spoilsport,kxz4AA9lNmY_w,contains_word,word-presence-dataset_v1.1.csv,0,0
l4B2uplSuiE_e1,Food stocks were replenished by imports from abroad.,example_sentence,,0,,replenish,l4B2uplSuiE_w,contains_word,word-presence-dataset_v1.1.csv,0,0
l4B2uplSuiE_e2,Does your glass need replenishing?,example_sentence,,0,,replenish,l4B2uplSuiE_w,contains_word,word-presence-dataset_v1.1.csv,0,0
l4B2uplSuiE_e3,We need to replenish our cookie supply.,example_sentence,,0,,replenish,l4B2uplSuiE_w,contains_word,word-presence-dataset_v1.1.csv,0,0
l4B2uplSuiE_e4,Some firms are planning ahead to replenish retiring work forces.,example_sentence,,0,,replenish,l4B2uplSuiE_w,contains_word,word-presence-dataset_v1.1.csv,0,0
L86y2iRJHOU_e1,Switzerland does not belong to any military alliance.,example_sentence,,0,,alliance,L86y2iRJHOU_w,contains_word,word-presence-dataset_v1.1.csv,0,0
LAPxQ3yABkc_e1,He could feel his strength ebbing (away).,example_sentence,,0,,ebb,LAPxQ3yABkc_w,contains_word,word-presence-dataset_v1.1.csv,0,0
_LbRJ0WIQOE_e1,"If you have any further problems, let me know.",example_sentence,,0,,further,_LbRJ0WIQOE_w,contains_word,word-presence-dataset_v1.1.csv,0,0
_LbRJ0WIQOE_e2,It cost me Rs. 500 a day and a further Rs. 600 for insurance.,example_sentence,,0,,further,_LbRJ0WIQOE_w,contains_word,word-presence-dataset_v1.1.csv,0,0
_LbRJ0WIQOE_e3,We need to talk further about this.,example_sentence,,0,,further,_LbRJ0WIQOE_w,contains_word,word-presence-dataset_v1.1.csv,0,0
_LbRJ0WIQOE_e4,Call your local library for further information.,example_sentence,,0,,further,_LbRJ0WIQOE_w,contains_word,word-presence-dataset_v1.1.csv,0,0
lcEDzDxpGvU_e1,The army arrived to assist in the search.,example_sentence,,0,,assist,lcEDzDxpGvU_w,contains_word,word-presence-dataset_v1.1.csv,0,0
lcEDzDxpGvU_e2,The company said it would assist workers in finding new jobs.,example_sentence,,0,,assist,lcEDzDxpGvU_w,contains_word,word-presence-dataset_v1.1.csv,0,0
lcEDzDxpGvU_e3,"No one knew where my grandfather was, and many came to assist in the search.",example_sentence,,0,,assist,lcEDzDxpGvU_w,contains_word,word-presence-dataset_v1.1.csv,0,0
lcEDzDxpGvU_e4,The accused denies the charge of assisting an offender.,example_sentence,,0,,assist,lcEDzDxpGvU_w,contains_word,word-presence-dataset_v1.1.csv,0,0
LGGt1vquKd4_e1,I hadn't had enough sleep and was feeling kind of grumpy.,example_sentence,,0,,grumpy,LGGt1vquKd4_w,contains_word,word-presence-dataset_v1.1.csv,0,0
LGGt1vquKd4_e2,Dad is always grumpy on Monday mornings.,example_sentence,,0,,grumpy,LGGt1vquKd4_w,contains_word,word-presence-dataset_v1.1.csv,0,0
LGGt1vquKd4_e3,Come back and see me when you're less grumpy.,example_sentence,,0,,grumpy,LGGt1vquKd4_w,contains_word,word-presence-dataset_v1.1.csv,0,0
LGGt1vquKd4_e4,He'd been in a grumpy mood since he got up.,example_sentence,,0,,grumpy,LGGt1vquKd4_w,contains_word,word-presence-dataset_v1.1.csv,0,0
lHnwkx0eTwM_e1,Are you in the queue for tickets?,example_sentence,,0,,queue,lHnwkx0eTwM_w,contains_word,word-presence-dataset_v1.1.csv,0,0
LKlGF65Xgm0_e1,My tomatoes are flourishing this summer - it must be the warm weather.,example_sentence,,0,,flourish,LKlGF65Xgm0_w,contains_word,word-presence-dataset_v1.1.csv,0,0
LKlGF65Xgm0_e2,Watercolour painting began to flourish in  around 1750.,example_sentence,,0,,flourish,LKlGF65Xgm0_w,contains_word,word-presence-dataset_v1.1.csv,0,0
LKlGF65Xgm0_e3,Parts of the city continue to flourish.,example_sentence,,0,,flourish,LKlGF65Xgm0_w,contains_word,word-presence-dataset_v1.1.csv,0,0
LKlGF65Xgm0_e4,This is the perfect environment for our company to flourish and expand in.,example_sentence,,0,,flourish,LKlGF65Xgm0_w,contains_word,word-presence-dataset_v1.1.csv,0,0
LKYengAeduU_e1,His doctor ordered him to abstain from beer and wine.,example_sentence,,0,,abstain,LKYengAeduU_w,contains_word,word-presence-dataset_v1.1.csv,0,0
LKYengAeduU_e2,Only 10 percent abstain by choice.,example_sentence,,0,,abstain,LKYengAeduU_w,contains_word,word-presence-dataset_v1.1.csv,0,0
LKYengAeduU_e3,Junior politicians are supposed to abstain from criticizing the government.,example_sentence,,0,,abstain,LKYengAeduU_w,contains_word,word-presence-dataset_v1.1.csv,0,0
LKYengAeduU_e4,I will continue to abstain until Britain regains its independence.,example_sentence,,0,,abstain,LKYengAeduU_w,contains_word,word-presence-dataset_v1.1.csv,0,0
LlT0Hf_hRIM_e1,Farm workers have been toiling in the 100-degree heat over the past week.,example_sentence,,0,,toil,LlT0Hf_hRIM_w,contains_word,word-presence-dataset_v1.1.csv,0,0
LlT0Hf_hRIM_e2,Lindi has achieved her comfortable life only after years of hard toil.,example_sentence,,0,,toil,LlT0Hf_hRIM_w,contains_word,word-presence-dataset_v1.1.csv,0,0
LlT0Hf_hRIM_e3,"Well, after a day's toil in the office I like to relax a little.",example_sentence,,0,,toil,LlT0Hf_hRIM_w,contains_word,word-presence-dataset_v1.1.csv,0,0
LlT0Hf_hRIM_e4,"After toiling away at work all week, it's good to relax.",example_sentence,,0,,toil,LlT0Hf_hRIM_w,contains_word,word-presence-dataset_v1.1.csv,0,0
LPy4fvBaiOc_e1,Have you two had a lovers' tiff?,example_sentence,,0,,tiff,LPy4fvBaiOc_w,contains_word,word-presence-dataset_v1.1.csv,0,0
LPy4fvBaiOc_e2,We had a little tiff over whose turn it was to walk the dog.,example_sentence,,0,,tiff,LPy4fvBaiOc_w,contains_word,word-presence-dataset_v1.1.csv,0,0
LPy4fvBaiOc_e3,This wasn't just another tiff we were having.,example_sentence,,0,,tiff,LPy4fvBaiOc_w,contains_word,word-presence-dataset_v1.1.csv,0,0
LPy4fvBaiOc_e4,They patched up their tiff again.,example_sentence,,0,,tiff,LPy4fvBaiOc_w,contains_word,word-presence-dataset_v1.1.csv,0,0
lth5T4A_6Bw_e1,She bought her liberty with hard work.,example_sentence,,0,,liberty,lth5T4A_6Bw_w,contains_word,word-presence-dataset_v1.1.csv,0,0
lth5T4A_6Bw_e2,These laws will restrict our ancient rights and liberties.,example_sentence,,0,,liberty,lth5T4A_6Bw_w,contains_word,word-presence-dataset_v1.1.csv,0,0
lth5T4A_6Bw_e3,Liberty consists in the power of doing that which is permitted by law.,example_sentence,,0,,liberty,lth5T4A_6Bw_w,contains_word,word-presence-dataset_v1.1.csv,0,0
lth5T4A_6Bw_e4,Citizens in that country do not have the liberty to carry guns or weapons.,example_sentence,,0,,liberty,lth5T4A_6Bw_w,contains_word,word-presence-dataset_v1.1.csv,0,0
m1cbIXJlyQo_e1,He was a writer of great narrative power.,example_sentence,,0,,narrative,m1cbIXJlyQo_w,contains_word,word-presence-dataset_v1.1.csv,0,0
Ma9iyrOrJA0_e1,One day I'll want to settle down and have a family.,example_sentence,,0,,settle down,Ma9iyrOrJA0_w,contains_word,word-presence-dataset_v1.1.csv,0,0
Ma9iyrOrJA0_e2,I'm not ready to settle down yet.,example_sentence,,0,,settle down,Ma9iyrOrJA0_w,contains_word,word-presence-dataset_v1.1.csv,0,0
Ma9iyrOrJA0_e3,"Come on children, stop chatting and settle down please!",example_sentence,,0,,settle down,Ma9iyrOrJA0_w,contains_word,word-presence-dataset_v1.1.csv,0,0
Ma9iyrOrJA0_e4,"After years as a travelling journalist, she settled down in America.",example_sentence,,0,,settle down,Ma9iyrOrJA0_w,contains_word,word-presence-dataset_v1.1.csv,0,0
Ma9iyrOrJA0_e5,When are you going to marry and settle down?,example_sentence,,0,,settle down,Ma9iyrOrJA0_w,contains_word,word-presence-dataset_v1.1.csv,0,0
mb920DFo394_e1,Government support will be essential if the project is to succeed.,example_sentence,,0,,essential,mb920DFo394_w,contains_word,word-presence-dataset_v1.1.csv,0,0
mb920DFo394_e2,Water is essential for/to living things.,example_sentence,,0,,essential,mb920DFo394_w,contains_word,word-presence-dataset_v1.1.csv,0,0
mb920DFo394_e3,The books on this list are essential reading for the course.,example_sentence,,0,,essential,mb920DFo394_w,contains_word,word-presence-dataset_v1.1.csv,0,0
mb920DFo394_e4,Fresh fruit and vegetables form an essential part of a healthy diet.,example_sentence,,0,,essential,mb920DFo394_w,contains_word,word-presence-dataset_v1.1.csv,0,0
MDCsV2GLVis_e1,The doctor's stance on the issue of abortion is well known.,example_sentence,,0,,stance,MDCsV2GLVis_w,contains_word,word-presence-dataset_v1.1.csv,0,0
MDCsV2GLVis_e2,The governor's stance on the issue of tax cuts is well known.,example_sentence,,0,,stance,MDCsV2GLVis_w,contains_word,word-presence-dataset_v1.1.csv,0,0
MDCsV2GLVis_e3,The government took a tough stance against terrorism.,example_sentence,,0,,stance,MDCsV2GLVis_w,contains_word,word-presence-dataset_v1.1.csv,0,0
MDCsV2GLVis_e4,What is your stance on environmental issues?,example_sentence,,0,,stance,MDCsV2GLVis_w,contains_word,word-presence-dataset_v1.1.csv,0,0
MF29ZLOnNHc_e1,The authorities are taking steps to combat/fight/tackle racism in schools.,example_sentence,,0,,racism,MF29ZLOnNHc_w,contains_word,word-presence-dataset_v1.1.csv,0,0
MF29ZLOnNHc_e2,We have to take a stand against racism.,example_sentence,,0,,racism,MF29ZLOnNHc_w,contains_word,word-presence-dataset_v1.1.csv,0,0
MF29ZLOnNHc_e3,Racism exists at all levels of society.,example_sentence,,0,,racism,MF29ZLOnNHc_w,contains_word,word-presence-dataset_v1.1.csv,0,0
MF29ZLOnNHc_e4,Many immigrants have experienced racism.,example_sentence,,0,,racism,MF29ZLOnNHc_w,contains_word,word-presence-dataset_v1.1.csv,0,0
mfp9Jb5pfEY_e1,"She does not understand the basic concept of math."".",example_sentence,,0,,concept,mfp9Jb5pfEY_w,contains_word,word-presence-dataset_v1.1.csv,0,0
mfp9Jb5pfEY_e2,I have no concept of what it is like.,example_sentence,,0,,concept,mfp9Jb5pfEY_w,contains_word,word-presence-dataset_v1.1.csv,0,0
mfp9Jb5pfEY_e3,"Mental handicap"" should be replaced with the broader concept of ""learning difficulties"".",example_sentence,,0,,concept,mfp9Jb5pfEY_w,contains_word,word-presence-dataset_v1.1.csv,0,0
mfp9Jb5pfEY_e4,It is very difficult to define the concept of beauty.,example_sentence,,0,,concept,mfp9Jb5pfEY_w,contains_word,word-presence-dataset_v1.1.csv,0,0
MFZJTpIvwio_e1,I noticed a policeman standing nearby,example_sentence,,0,,nearby,MFZJTpIvwio_w,contains_word,word-presence-dataset_v1.1.csv,0,0
MGRLpUCM6No_e1,The lack of rain has shrivelled the crops.,example_sentence,,0,,shrivel,MGRLpUCM6No_w,contains_word,word-presence-dataset_v1.1.csv,0,0
MGRLpUCM6No_e2,Profits are shrivelling as the recession gets worse.,example_sentence,,0,,shrivel,MGRLpUCM6No_w,contains_word,word-presence-dataset_v1.1.csv,0,0
MGRLpUCM6No_e3,The hot sun shriveled the flowers I put in the window.,example_sentence,,0,,shrivel,MGRLpUCM6No_w,contains_word,word-presence-dataset_v1.1.csv,0,0
MGRLpUCM6No_e4,The plant shrivels and dies.,example_sentence,,0,,shrivel,MGRLpUCM6No_w,contains_word,word-presence-dataset_v1.1.csv,0,0
MGRLpUCM6No_e5,The leaves started to shrivel up.,example_sentence,,0,,shrivel,MGRLpUCM6No_w,contains_word,word-presence-dataset_v1.1.csv,0,0
Miy-F4TYnso_e1,He spoke in the person of Xinhua News Agency.,example_sentence,,0,,agency,Miy-F4TYnso_w,contains_word,word-presence-dataset_v1.1.csv,0,0
Miy-F4TYnso_e2,I went to an employment agency last week.,example_sentence,,0,,agency,Miy-F4TYnso_w,contains_word,word-presence-dataset_v1.1.csv,0,0
Miy-F4TYnso_e3,The French news agency put out a statement from the Trade Minister.,example_sentence,,0,,agency,Miy-F4TYnso_w,contains_word,word-presence-dataset_v1.1.csv,0,0
Miy-F4TYnso_e4,Anne chose an upmarket agency aimed at professional people.,example_sentence,,0,,agency,Miy-F4TYnso_w,contains_word,word-presence-dataset_v1.1.csv,0,0
mR2b0PyRTN8_e1,"Taste the soup and adjust the seasoning, adding more salt or pepper as desired.",example_sentence,,0,,seasoning,mR2b0PyRTN8_w,contains_word,word-presence-dataset_v1.1.csv,0,0
mR2b0PyRTN8_e2,Add the seasoning and bring the sauce to the boil .,example_sentence,,0,,seasoning,mR2b0PyRTN8_w,contains_word,word-presence-dataset_v1.1.csv,0,0
mR2b0PyRTN8_e3,I believe in seasoning food before putting it on the table.,example_sentence,,0,,seasoning,mR2b0PyRTN8_w,contains_word,word-presence-dataset_v1.1.csv,0,0
mR2b0PyRTN8_e4,Taste sauce for seasoning and correct if necessary.,example_sentence,,0,,seasoning,mR2b0PyRTN8_w,contains_word,word-presence-dataset_v1.1.csv,0,0
Mt3ApRf_B8I_e1,She sat back for a minute to ponder her next move in the game.,example_sentence,,0,,ponder,Mt3ApRf_B8I_w,contains_word,word-presence-dataset_v1.1.csv,0,0
Mt3ApRf_B8I_e2,Driving home from the theater he pondered his next move.,example_sentence,,0,,ponder,Mt3ApRf_B8I_w,contains_word,word-presence-dataset_v1.1.csv,0,0
Mt3ApRf_B8I_e3,It's a very interesting article with points worth pondering.,example_sentence,,0,,ponder,Mt3ApRf_B8I_w,contains_word,word-presence-dataset_v1.1.csv,0,0
Mt3ApRf_B8I_e4,"The purpose, I think, is to ponder questions important to human experience.",example_sentence,,0,,ponder,Mt3ApRf_B8I_w,contains_word,word-presence-dataset_v1.1.csv,0,0
mtVcZlcW_sg_e1,an atrocious film of acting,example_sentence,,0,,atrocious,mtVcZlcW_sg_w,contains_word,word-presence-dataset_v1.1.csv,0,0
mtVcZlcW_sg_e2,The weather has been atrocious all week.,example_sentence,,0,,atrocious,mtVcZlcW_sg_w,contains_word,word-presence-dataset_v1.1.csv,0,0
mtVcZlcW_sg_e3,Conditions in the prison were atrocious.,example_sentence,,0,,atrocious,mtVcZlcW_sg_w,contains_word,word-presence-dataset_v1.1.csv,0,0
mtVcZlcW_sg_e4,His Russian was atrocious.,example_sentence,,0,,atrocious,mtVcZlcW_sg_w,contains_word,word-presence-dataset_v1.1.csv,0,0
mUHIG52DXPY_e1,Yoga is a very effective technique for combating stress.,example_sentence,,0,,technique,mUHIG52DXPY_w,contains_word,word-presence-dataset_v1.1.csv,0,0
mUHIG52DXPY_e2,The dancer's technique is strong.,example_sentence,,0,,technique,mUHIG52DXPY_w,contains_word,word-presence-dataset_v1.1.csv,0,0
mUHIG52DXPY_e3,She needs to work on her interview technique if she's going to get a job.,example_sentence,,0,,technique,mUHIG52DXPY_w,contains_word,word-presence-dataset_v1.1.csv,0,0
mUHIG52DXPY_e4,New surgical techniques are constantly being developed.,example_sentence,,0,,technique,mUHIG52DXPY_w,contains_word,word-presence-dataset_v1.1.csv,0,0
mutZAFDJmKI_e1,My parents saw me off at the airport.,example_sentence,,0,,see off,mutZAFDJmKI_w,contains_word,word-presence-dataset_v1.1.csv,0,0
mutZAFDJmKI_e2,He went to see off his brother at the station.,example_sentence,,0,,see off,mutZAFDJmKI_w,contains_word,word-presence-dataset_v1.1.csv,0,0
mutZAFDJmKI_e3,I came to the bus stop to see my friend off.,example_sentence,,0,,see off,mutZAFDJmKI_w,contains_word,word-presence-dataset_v1.1.csv,0,0
mutZAFDJmKI_e4,They went to see off their son.,example_sentence,,0,,see off,mutZAFDJmKI_w,contains_word,word-presence-dataset_v1.1.csv,0,0
mvsesnKooAA_e1,The misunderstanding had caused a seven-year estrangement between them.,example_sentence,,0,,estrangement,mvsesnKooAA_w,contains_word,word-presence-dataset_v1.1.csv,0,0
mvsesnKooAA_e2,He talked about his estrangement from his family.,example_sentence,,0,,estrangement,mvsesnKooAA_w,contains_word,word-presence-dataset_v1.1.csv,0,0
mvsesnKooAA_e3,They finally came together after years of estrangement,example_sentence,,0,,estrangement,mvsesnKooAA_w,contains_word,word-presence-dataset_v1.1.csv,0,0
mvsesnKooAA_e4,They reunited after a two-year estrangement.,example_sentence,,0,,estrangement,mvsesnKooAA_w,contains_word,word-presence-dataset_v1.1.csv,0,0
mwgNw0telVk_e1,We headed for the nearest exit.,example_sentence,,0,,exit,mwgNw0telVk_w,contains_word,word-presence-dataset_v1.1.csv,0,0
mxE6dRbd38c_e1,Her interests are in the realm of practical politics.,example_sentence,,0,,realm,mxE6dRbd38c_w,contains_word,word-presence-dataset_v1.1.csv,0,0
mxE6dRbd38c_e2,Chris is really rooted to the realm of economic,example_sentence,,0,,realm,mxE6dRbd38c_w,contains_word,word-presence-dataset_v1.1.csv,0,0
mxE6dRbd38c_e3,The realm of art/music,example_sentence,,0,,realm,mxE6dRbd38c_w,contains_word,word-presence-dataset_v1.1.csv,0,0
mxE6dRbd38c_e4,Students' interests are mostly limited to the academic realm.,example_sentence,,0,,realm,mxE6dRbd38c_w,contains_word,word-presence-dataset_v1.1.csv,0,0
mxJapRjh1BM_e1,The sticks when divided were broken; together they were unbreakable.,example_sentence,,0,,unbreakable,mxJapRjh1BM_w,contains_word,word-presence-dataset_v1.1.csv,0,0
mzdCh_9o5JA_e1,He plays the part of a petulant young man in the film.,example_sentence,,0,,petulant,mzdCh_9o5JA_w,contains_word,word-presence-dataset_v1.1.csv,0,0
mzdCh_9o5JA_e2,He behaved like a petulant child and refused to cooperate.,example_sentence,,0,,petulant,mzdCh_9o5JA_w,contains_word,word-presence-dataset_v1.1.csv,0,0
mzdCh_9o5JA_e3,He grew moody and petulant,example_sentence,,0,,petulant,mzdCh_9o5JA_w,contains_word,word-presence-dataset_v1.1.csv,0,0
mzdCh_9o5JA_e4,Her tone of voice became  abrupt and petulant,example_sentence,,0,,petulant,mzdCh_9o5JA_w,contains_word,word-presence-dataset_v1.1.csv,0,0
MzNbsy0wdM0_e1,Damage to tooth nerve.,example_sentence,,0,,nerve,MzNbsy0wdM0_w,contains_word,word-presence-dataset_v1.1.csv,0,0
N6jpL7uibFI_e1,His confident leadership inspired his followers.,example_sentence,,0,,inspire,N6jpL7uibFI_w,contains_word,word-presence-dataset_v1.1.csv,0,0
N6jpL7uibFI_e2,"After her trip to Venezuela, she felt inspired to learn Spanish.",example_sentence,,0,,inspire,N6jpL7uibFI_w,contains_word,word-presence-dataset_v1.1.csv,0,0
N6jpL7uibFI_e3,I hope this success will inspire you to greater efforts.,example_sentence,,0,,inspire,N6jpL7uibFI_w,contains_word,word-presence-dataset_v1.1.csv,0,0
N6jpL7uibFI_e4,The company's record does not really inspire confidence.,example_sentence,,0,,inspire,N6jpL7uibFI_w,contains_word,word-presence-dataset_v1.1.csv,0,0
n-9gQsRj0kY_e1,Deliveries are routed via London.,example_sentence,,0,,via - 1,n-9gQsRj0kY_w,contains_word,word-presence-dataset_v1.1.csv,0,0
n9TDPKexXzw_e1,It's going to cost $4 million to equip the hospital.,example_sentence,,0,,equip,n9TDPKexXzw_w,contains_word,word-presence-dataset_v1.1.csv,0,0
NaADM_m9FSI_e1,I am determined to take whatever action is necessary to rectify the situation.,example_sentence,,0,,rectify,NaADM_m9FSI_w,contains_word,word-presence-dataset_v1.1.csv,0,0
NaADM_m9FSI_e2,Every effort is made to rectify any errors/mistakes before the book is printed.,example_sentence,,0,,rectify,NaADM_m9FSI_w,contains_word,word-presence-dataset_v1.1.csv,0,0
NaADM_m9FSI_e3,"I hadn't meant to cause trouble, and asked what I could do to rectify the situation.",example_sentence,,0,,rectify,NaADM_m9FSI_w,contains_word,word-presence-dataset_v1.1.csv,0,0
NaADM_m9FSI_e4,How do we rectify the alarming fall in stock market performance?,example_sentence,,0,,rectify,NaADM_m9FSI_w,contains_word,word-presence-dataset_v1.1.csv,0,0
NAFwB3S525c_e1,Angry voices emanated from the next room.,example_sentence,,0,,emanate - 2,NAFwB3S525c_w,contains_word,word-presence-dataset_v1.1.csv,0,0
NCi0-MMvDMU_e1,"If you compare house prices in the two areas, it's quite amazing how different they are.",example_sentence,,0,,compare,NCi0-MMvDMU_w,contains_word,word-presence-dataset_v1.1.csv,0,0
NCi0-MMvDMU_e2,That seems expensive - have you compared prices in other shop?,example_sentence,,0,,compare,NCi0-MMvDMU_w,contains_word,word-presence-dataset_v1.1.csv,0,0
NCi0-MMvDMU_e3,"Do not always compare me with others, please.",example_sentence,,0,,compare,NCi0-MMvDMU_w,contains_word,word-presence-dataset_v1.1.csv,0,0
NCi0-MMvDMU_e4,"Compare this new TV set with the old one, you will see which is better.",example_sentence,,0,,compare,NCi0-MMvDMU_w,contains_word,word-presence-dataset_v1.1.csv,0,0
Nejuqg9XCLE_e1,He's a very rude man.,example_sentence,,0,,rude,Nejuqg9XCLE_w,contains_word,word-presence-dataset_v1.1.csv,0,0
Nejuqg9XCLE_e2,I did not intend to be rude.,example_sentence,,0,,rude,Nejuqg9XCLE_w,contains_word,word-presence-dataset_v1.1.csv,0,0
Nejuqg9XCLE_e3,Why are you so rude to your mother?,example_sentence,,0,,rude,Nejuqg9XCLE_w,contains_word,word-presence-dataset_v1.1.csv,0,0
Nejuqg9XCLE_e4,"My father loves to tell rude jokes, and it's really embarrassing.",example_sentence,,0,,rude,Nejuqg9XCLE_w,contains_word,word-presence-dataset_v1.1.csv,0,0
neqDSQkiVI0_e1,Stop stanning for Rhianna!,example_sentence,,0,,stan,neqDSQkiVI0_w,contains_word,word-presence-dataset_v1.1.csv,0,0
neqDSQkiVI0_e2,Everyone knows I stan for Taylor Swift.,example_sentence,,0,,stan,neqDSQkiVI0_w,contains_word,word-presence-dataset_v1.1.csv,0,0
neqDSQkiVI0_e3,I'll never stop stanning Jennifer Lawrence.,example_sentence,,0,,stan,neqDSQkiVI0_w,contains_word,word-presence-dataset_v1.1.csv,0,0
neqDSQkiVI0_e4,What would make you stop stanning an idol?,example_sentence,,0,,stan,neqDSQkiVI0_w,contains_word,word-presence-dataset_v1.1.csv,0,0
nfhqebRoL08_e1,Tom took a direct to London airport.,example_sentence,,0,,direct,nfhqebRoL08_w,contains_word,word-presence-dataset_v1.1.csv,0,0
nfhqebRoL08_e2,Is there a direct train to Delhi from Chennai?,example_sentence,,0,,direct,nfhqebRoL08_w,contains_word,word-presence-dataset_v1.1.csv,0,0
ngQ5qSIvcQs_e1,She looked a bit dejected when they told her she didn't get the job.,example_sentence,,0,,dejected,ngQ5qSIvcQs_w,contains_word,word-presence-dataset_v1.1.csv,0,0
ngQ5qSIvcQs_e2,William felt dejected because he had sprained his ankle and had to sit out the game.,example_sentence,,0,,dejected,ngQ5qSIvcQs_w,contains_word,word-presence-dataset_v1.1.csv,0,0
ngQ5qSIvcQs_e3,The old man seemed dejected and spiritless.,example_sentence,,0,,dejected,ngQ5qSIvcQs_w,contains_word,word-presence-dataset_v1.1.csv,0,0
ngQ5qSIvcQs_e4,"The unemployed stood at street corners, dejected.",example_sentence,,0,,dejected,ngQ5qSIvcQs_w,contains_word,word-presence-dataset_v1.1.csv,0,0
nk80uUfZnsM_e1,Switch your phone to silent mode.,example_sentence,,0,,mode,nk80uUfZnsM_w,contains_word,word-presence-dataset_v1.1.csv,0,0
nnIo6Q41SY0_e1,1.The speech had a profound influence on her.,example_sentence,,0,,profound,nnIo6Q41SY0_w,contains_word,word-presence-dataset_v1.1.csv,0,0
nnIo6Q41SY0_e2,2.His mother's death when he was aged six had a very profound effect on him.,example_sentence,,0,,profound,nnIo6Q41SY0_w,contains_word,word-presence-dataset_v1.1.csv,0,0
nnIo6Q41SY0_e3,3.Those two lines of poetry express perfectly the profound sadness of loss.,example_sentence,,0,,profound,nnIo6Q41SY0_w,contains_word,word-presence-dataset_v1.1.csv,0,0
nnIo6Q41SY0_e4,The news came as a profound shock.,example_sentence,,0,,profound,nnIo6Q41SY0_w,contains_word,word-presence-dataset_v1.1.csv,0,0
NOXLwMVXFu4_e1,Thousands of illegal immigrants are caught and deported every year.,example_sentence,,0,,deport,NOXLwMVXFu4_w,contains_word,word-presence-dataset_v1.1.csv,0,0
nq9PduKLbQc_e1,I can't face the hassle of moving again.,example_sentence,,0,,hassle,nq9PduKLbQc_w,contains_word,word-presence-dataset_v1.1.csv,0,0
nq9PduKLbQc_e2,My boss has been giving me a lot of hassle this week.,example_sentence,,0,,hassle,nq9PduKLbQc_w,contains_word,word-presence-dataset_v1.1.csv,0,0
nq9PduKLbQc_e3,It was such a hassle trying to get my bank account changed that I nearly gave up.,example_sentence,,0,,hassle,nq9PduKLbQc_w,contains_word,word-presence-dataset_v1.1.csv,0,0
nq9PduKLbQc_e4,I should have taken it back to the shop but I just didn't think it was worth (all) the hassle.,example_sentence,,0,,hassle,nq9PduKLbQc_w,contains_word,word-presence-dataset_v1.1.csv,0,0
Nu_XEya-gQA_e1,He was silent all through the meal and then had the effrontery to complain that I looked bored!,example_sentence,,0,,effrontery,Nu_XEya-gQA_w,contains_word,word-presence-dataset_v1.1.csv,0,0
NZP5L3c_-kw_e1,The new missile is faster and more manoeuvrable than previous models.,example_sentence,,0,,missile,NZP5L3c_-kw_w,contains_word,word-presence-dataset_v1.1.csv,0,0
o5hP6kJSiyY_e1,Hordes of students on bikes made crossing the road difficult.,example_sentence,,0,,horde,o5hP6kJSiyY_w,contains_word,word-presence-dataset_v1.1.csv,0,0
o5hP6kJSiyY_e2,A horde of children ran over the office building.,example_sentence,,0,,horde,o5hP6kJSiyY_w,contains_word,word-presence-dataset_v1.1.csv,0,0
o5hP6kJSiyY_e3,The car attracted the interest of a horde of children.,example_sentence,,0,,horde,o5hP6kJSiyY_w,contains_word,word-presence-dataset_v1.1.csv,0,0
o5hP6kJSiyY_e4,Two bodyguards helped the celebrity walk through a horde of fans.,example_sentence,,0,,horde,o5hP6kJSiyY_w,contains_word,word-presence-dataset_v1.1.csv,0,0
O6Rvpy2XFfY_e1,She dances the role with such elan.,example_sentence,,0,,elan,O6Rvpy2XFfY_w,contains_word,word-presence-dataset_v1.1.csv,0,0
ocCEVsLOjVo_e1,First he drank all my wine and then he insulted all my friends.,example_sentence,,0,,insult,ocCEVsLOjVo_w,contains_word,word-presence-dataset_v1.1.csv,0,0
ocCEVsLOjVo_e2,Don't insult me just because I can't dance.,example_sentence,,0,,insult,ocCEVsLOjVo_w,contains_word,word-presence-dataset_v1.1.csv,0,0
ocCEVsLOjVo_e3,He insulted me in public.,example_sentence,,0,,insult,ocCEVsLOjVo_w,contains_word,word-presence-dataset_v1.1.csv,0,0
ocCEVsLOjVo_e4,Tom and Mary insult each other all the time.,example_sentence,,0,,insult,ocCEVsLOjVo_w,contains_word,word-presence-dataset_v1.1.csv,0,0
oCXHxL16lGg_e1,a dearth of new homes in the region.,example_sentence,,0,,dearth,oCXHxL16lGg_w,contains_word,word-presence-dataset_v1.1.csv,0,0
oDXfCEi7hPs_e1,She's in a good/bad mood.,example_sentence,,0,,mood,oDXfCEi7hPs_w,contains_word,word-presence-dataset_v1.1.csv,0,0
OEimyhS2v48_e1,The prime minister has announced that public spending will be increased next year.,example_sentence,,0,,announce,OEimyhS2v48_w,contains_word,word-presence-dataset_v1.1.csv,0,0
OEimyhS2v48_e2,He will announce tonight that he is resigning from office.,example_sentence,,0,,announce,OEimyhS2v48_w,contains_word,word-presence-dataset_v1.1.csv,0,0
OEimyhS2v48_e3,He announced his engagement to her.,example_sentence,,0,,announce,OEimyhS2v48_w,contains_word,word-presence-dataset_v1.1.csv,0,0
OEimyhS2v48_e4,The result of the election will be announced tomorrow.,example_sentence,,0,,announce,OEimyhS2v48_w,contains_word,word-presence-dataset_v1.1.csv,0,0
oGa_MzmEhfE_e1,She's very bad-tempered in the mornings!,example_sentence,,0,,bad tempered,oGa_MzmEhfE_w,contains_word,word-presence-dataset_v1.1.csv,0,0
oGa_MzmEhfE_e2,Why are you so bad-tempered today?,example_sentence,,0,,bad tempered,oGa_MzmEhfE_w,contains_word,word-presence-dataset_v1.1.csv,0,0
oGa_MzmEhfE_e3,I'm afraid I was rather bad-tempered yesterday; I think I owe you an apology.,example_sentence,,0,,bad tempered,oGa_MzmEhfE_w,contains_word,word-presence-dataset_v1.1.csv,0,0
oGa_MzmEhfE_e4,He gets very bad-tempered when he's tired.,example_sentence,,0,,bad tempered,oGa_MzmEhfE_w,contains_word,word-presence-dataset_v1.1.csv,0,0
OGHkRmbVr3Y_e1,She's French but she speaks with an impeccable English accent.,example_sentence,,0,,accent,OGHkRmbVr3Y_w,contains_word,word-presence-dataset_v1.1.csv,0,0
oGNdvacriUo_e1,She has been removed from her position as director.,example_sentence,,0,,remove,oGNdvacriUo_w,contains_word,word-presence-dataset_v1.1.csv,0,0
oGNdvacriUo_e2,Remove them all and see if it makes a difference.,example_sentence,,0,,remove,oGNdvacriUo_w,contains_word,word-presence-dataset_v1.1.csv,0,0
OjdtxDlr1-Y_e1,"As a politician, her sympathy was always for the underdog in society.",example_sentence,,0,,underdog - 1,OjdtxDlr1-Y_w,contains_word,word-presence-dataset_v1.1.csv,0,0
ojXO5l3LfoM_e1,"The job will take approximately three weeks, and cost approximately Rs.50000.",example_sentence,,0,,approximately,ojXO5l3LfoM_w,contains_word,word-presence-dataset_v1.1.csv,0,0
ojXO5l3LfoM_e2,The plane will be landing in approximately 20 minutes,example_sentence,,0,,approximately,ojXO5l3LfoM_w,contains_word,word-presence-dataset_v1.1.csv,0,0
ojXO5l3LfoM_e3,In 1992 the population of India was approximately 90 crores.,example_sentence,,0,,approximately,ojXO5l3LfoM_w,contains_word,word-presence-dataset_v1.1.csv,0,0
ojXO5l3LfoM_e4,A journey of approximately two hours.,example_sentence,,0,,approximately,ojXO5l3LfoM_w,contains_word,word-presence-dataset_v1.1.csv,0,0
OkXcKTEeDrA_e1,We walked down a broad avenue lined with trees.,example_sentence,,0,,avenue,OkXcKTEeDrA_w,contains_word,word-presence-dataset_v1.1.csv,0,0
OLodODJ-AVU_e1,"In applying for this job, Tiffany has a lot in her favor (= to her advantage).",example_sentence,,0,,favor,OLodODJ-AVU_w,contains_word,word-presence-dataset_v1.1.csv,0,0
OLodODJ-AVU_e2,The city council voted in favor of (= in support of) the proposed housing development.,example_sentence,,0,,favor,OLodODJ-AVU_w,contains_word,word-presence-dataset_v1.1.csv,0,0
OLodODJ-AVU_e3,He soon won the favor of his boss.,example_sentence,,0,,favor,OLodODJ-AVU_w,contains_word,word-presence-dataset_v1.1.csv,0,0
OLodODJ-AVU_e4,Can you do this one last favor for me?,example_sentence,,0,,favor,OLodODJ-AVU_w,contains_word,word-presence-dataset_v1.1.csv,0,0
OmSt-ldl6_A_e1,The meeting has been arranged for Wednesday.,example_sentence,,0,,arrange,OmSt-ldl6_A_w,contains_word,word-presence-dataset_v1.1.csv,0,0
OmSt-ldl6_A_e2,They arranged to have dinner the following month.,example_sentence,,0,,arrange,OmSt-ldl6_A_w,contains_word,word-presence-dataset_v1.1.csv,0,0
OmSt-ldl6_A_e3,We've arranged to stay overnight at my sister's house.,example_sentence,,0,,arrange,OmSt-ldl6_A_w,contains_word,word-presence-dataset_v1.1.csv,0,0
OmSt-ldl6_A_e4,My friends arranged to eat with me.,example_sentence,,0,,arrange,OmSt-ldl6_A_w,contains_word,word-presence-dataset_v1.1.csv,0,0
ON6mteoL6yg_e1,The electricity has been turned off.,example_sentence,,0,,electricity,ON6mteoL6yg_w,contains_word,word-presence-dataset_v1.1.csv,0,0
OpaA62WVcgE_e1,"I'll meet you at six, I've got some errands to do first.",example_sentence,,0,,errand,OpaA62WVcgE_w,contains_word,word-presence-dataset_v1.1.csv,0,0
OpaA62WVcgE_e2,She went off on some errand.,example_sentence,,0,,errand,OpaA62WVcgE_w,contains_word,word-presence-dataset_v1.1.csv,0,0
OpaA62WVcgE_e3,She had a more urgent errand.,example_sentence,,0,,errand,OpaA62WVcgE_w,contains_word,word-presence-dataset_v1.1.csv,0,0
OpaA62WVcgE_e4,My mother asked me to go on an errand - she wanted me to buy some food.,example_sentence,,0,,errand,OpaA62WVcgE_w,contains_word,word-presence-dataset_v1.1.csv,0,0
OpaA62WVcgE_e5,The boy quickly went on an errand with money clasped in his hands.,example_sentence,,0,,errand,OpaA62WVcgE_w,contains_word,word-presence-dataset_v1.1.csv,0,0
Opb1diw9DCg_e1,I had talked too much about myself and felt like a garrulous old fool.,example_sentence,,0,,garrulous,Opb1diw9DCg_w,contains_word,word-presence-dataset_v1.1.csv,0,0
Opb1diw9DCg_e2,I would even say that they are often garrulous.,example_sentence,,0,,garrulous,Opb1diw9DCg_w,contains_word,word-presence-dataset_v1.1.csv,0,0
Opb1diw9DCg_e3,That was perhaps because he was more garrulous.,example_sentence,,0,,garrulous,Opb1diw9DCg_w,contains_word,word-presence-dataset_v1.1.csv,0,0
Opb1diw9DCg_e4,He is about the most garrulous person in this assembly,example_sentence,,0,,garrulous,Opb1diw9DCg_w,contains_word,word-presence-dataset_v1.1.csv,0,0
oS9czmlqK6w_e1,His children go everywhere with him.,example_sentence,,0,,everywhere,oS9czmlqK6w_w,contains_word,word-presence-dataset_v1.1.csv,0,0
oSdM1ORpL8M_e1,I was thrilled that so many people turned up to the party.,example_sentence,,0,,thrilled,oSdM1ORpL8M_w,contains_word,word-presence-dataset_v1.1.csv,0,0
OSLoq6bVLTQ_e1,The money was donated by an anonymous benefactor.,example_sentence,,0,,benefactor,OSLoq6bVLTQ_w,contains_word,word-presence-dataset_v1.1.csv,0,0
OSLoq6bVLTQ_e2,He was a great public benefactor and gave land for building the sea wall.,example_sentence,,0,,benefactor,OSLoq6bVLTQ_w,contains_word,word-presence-dataset_v1.1.csv,0,0
OSLoq6bVLTQ_e3,A private benefactor donated Rs. 20 lakhs.,example_sentence,,0,,benefactor,OSLoq6bVLTQ_w,contains_word,word-presence-dataset_v1.1.csv,0,0
OSLoq6bVLTQ_e4,She was a generous benefactor to the library.,example_sentence,,0,,benefactor,OSLoq6bVLTQ_w,contains_word,word-presence-dataset_v1.1.csv,0,0
OtlvzXZG_Uk_e1,Keep your letter succinct and to the point.,example_sentence,,0,,succinct,OtlvzXZG_Uk_w,contains_word,word-presence-dataset_v1.1.csv,0,0
OULWYgqS9ek_e1,The law forbids the sale of cigarettes to people under the age of 16.,example_sentence,,0,,forbid,OULWYgqS9ek_w,contains_word,word-presence-dataset_v1.1.csv,0,0
OULWYgqS9ek_e2,Students are forbidden to smoke on the school grounds.,example_sentence,,0,,forbid,OULWYgqS9ek_w,contains_word,word-presence-dataset_v1.1.csv,0,0
OULWYgqS9ek_e3,"her parents forbid her from seeing her boyfriend, but she  snuck around and dated him anyway.",example_sentence,,0,,forbid,OULWYgqS9ek_w,contains_word,word-presence-dataset_v1.1.csv,0,0
OULWYgqS9ek_e4,"The teacher tried to forbid the students from using their cell phones, but they wouldn't listen to her.",example_sentence,,0,,forbid,OULWYgqS9ek_w,contains_word,word-presence-dataset_v1.1.csv,0,0
OuZjUm2yUB0_e1,The money was donated by an anonymous benefactor.,example_sentence,,0,,anonymous,OuZjUm2yUB0_w,contains_word,word-presence-dataset_v1.1.csv,0,0
OuZjUm2yUB0_e2,Police said an anonymous caller warned that a bomb was about to go off.,example_sentence,,0,,anonymous,OuZjUm2yUB0_w,contains_word,word-presence-dataset_v1.1.csv,0,0
OuZjUm2yUB0_e3,The charity received Rs. 50 Lakhs from an anonymous donor.,example_sentence,,0,,anonymous,OuZjUm2yUB0_w,contains_word,word-presence-dataset_v1.1.csv,0,0
OuZjUm2yUB0_e4,It is an anonymous letter.,example_sentence,,0,,anonymous,OuZjUm2yUB0_w,contains_word,word-presence-dataset_v1.1.csv,0,0
oVfapt2bBrc_e1,He alluded to problems with the new computers.,example_sentence,,0,,allude,oVfapt2bBrc_w,contains_word,word-presence-dataset_v1.1.csv,0,0
OxT5AZYe8uE_e1,The airline has shifted some of its excess capacity from Australia to India routes.,example_sentence,,0,,excess capacity,OxT5AZYe8uE_w,contains_word,word-presence-dataset_v1.1.csv,0,0
pB3y-OgdVc4_e1,They wanted to initiate a discussion on economics.,example_sentence,,0,,initiate,pB3y-OgdVc4_w,contains_word,word-presence-dataset_v1.1.csv,0,0
pB3y-OgdVc4_e2,They have decided to initiate legal proceedings against the newspaper.,example_sentence,,0,,initiate,pB3y-OgdVc4_w,contains_word,word-presence-dataset_v1.1.csv,0,0
pB3y-OgdVc4_e3,The council initiates its own studies and carries out research at the request of private organizations.,example_sentence,,0,,initiate,pB3y-OgdVc4_w,contains_word,word-presence-dataset_v1.1.csv,0,0
pB3y-OgdVc4_e4,This is no time to initiate a youngster into any business.,example_sentence,,0,,initiate,pB3y-OgdVc4_w,contains_word,word-presence-dataset_v1.1.csv,0,0
pBU_tMBIM9E_e1,Our holiday plans were thwarted by the airline pilots' strike,example_sentence,,0,,thwart,pBU_tMBIM9E_w,contains_word,word-presence-dataset_v1.1.csv,0,0
pBU_tMBIM9E_e2,The city council thwarted his reform efforts.,example_sentence,,0,,thwart,pBU_tMBIM9E_w,contains_word,word-presence-dataset_v1.1.csv,0,0
pBU_tMBIM9E_e3,Harry knew now that nothing could thwart his plans.,example_sentence,,0,,thwart,pBU_tMBIM9E_w,contains_word,word-presence-dataset_v1.1.csv,0,0
pBU_tMBIM9E_e4,Our course must thwart those designs.,example_sentence,,0,,thwart,pBU_tMBIM9E_w,contains_word,word-presence-dataset_v1.1.csv,0,0
PcQgB9TbATk_e1,Old houses need a lot of maintenance.,example_sentence,,0,,maintenance,PcQgB9TbATk_w,contains_word,word-presence-dataset_v1.1.csv,0,0
PePhMa1tOYg_e1,Research say that humans have evolved from apes.,example_sentence,,0,,evolve,PePhMa1tOYg_w,contains_word,word-presence-dataset_v1.1.csv,0,0
peySczycRYU_e1,"He paid a month's rent in advance, just enough to satisfy the landlord's avarice.",example_sentence,,0,,avarice,peySczycRYU_w,contains_word,word-presence-dataset_v1.1.csv,0,0
pF4RDfnu2gs_e1,They have to vacate their offices before Wednesday.,example_sentence,,0,,vacate,pF4RDfnu2gs_w,contains_word,word-presence-dataset_v1.1.csv,0,0
pF4RDfnu2gs_e2,"When you vacate the room, you should hand over the door key to me.",example_sentence,,0,,vacate,pF4RDfnu2gs_w,contains_word,word-presence-dataset_v1.1.csv,0,0
pF4RDfnu2gs_e3,Guests should vacate their rooms by 10.30 a.m.,example_sentence,,0,,vacate,pF4RDfnu2gs_w,contains_word,word-presence-dataset_v1.1.csv,0,0
pF4RDfnu2gs_e4,"Under the conditions of the agreement, she must vacate the house on 12 July.",example_sentence,,0,,vacate,pF4RDfnu2gs_w,contains_word,word-presence-dataset_v1.1.csv,0,0
p_FimVLJQOk_e1,The political situation was now relatively quiescent.,example_sentence,,0,,quiescent,p_FimVLJQOk_w,contains_word,word-presence-dataset_v1.1.csv,0,0
pFobpDoNLnM_e1,"He's a good teacher, but inclined to be a bit impatient with slow learners.",example_sentence,,0,,impatient,pFobpDoNLnM_w,contains_word,word-presence-dataset_v1.1.csv,0,0
pFobpDoNLnM_e2,You'd be hopeless taking care of children - you're far too impatient!,example_sentence,,0,,impatient,pFobpDoNLnM_w,contains_word,word-presence-dataset_v1.1.csv,0,0
pFobpDoNLnM_e3,Ron's trouble is that he's too impatient.,example_sentence,,0,,impatient,pFobpDoNLnM_w,contains_word,word-presence-dataset_v1.1.csv,0,0
pFobpDoNLnM_e4,He was trying to explain but she became impatient and sent him away .,example_sentence,,0,,impatient,pFobpDoNLnM_w,contains_word,word-presence-dataset_v1.1.csv,0,0
pgdu5wisL_g_e1,She complained that her husband never paid him any compliments anymore.,example_sentence,,0,,compliment,pgdu5wisL_g_w,contains_word,word-presence-dataset_v1.1.csv,0,0
pgdu5wisL_g_e2,I take it as a compliment (= I am pleased) when people say I look like my mother.,example_sentence,,0,,compliment,pgdu5wisL_g_w,contains_word,word-presence-dataset_v1.1.csv,0,0
pgdu5wisL_g_e3,Are you fishing for (= trying to get) compliments?,example_sentence,,0,,compliment,pgdu5wisL_g_w,contains_word,word-presence-dataset_v1.1.csv,0,0
pgdu5wisL_g_e4,She paid him a high compliment by saying she read all his books.,example_sentence,,0,,compliment,pgdu5wisL_g_w,contains_word,word-presence-dataset_v1.1.csv,0,0
piaQCUPYog8_e1,I found the job very mundane.,example_sentence,,0,,mundane,piaQCUPYog8_w,contains_word,word-presence-dataset_v1.1.csv,0,0
piaQCUPYog8_e2,She hates her job because she is asked to do mundane tasks every day.,example_sentence,,0,,mundane,piaQCUPYog8_w,contains_word,word-presence-dataset_v1.1.csv,0,0
piaQCUPYog8_e3,He chose the most mundane of daily activities.,example_sentence,,0,,mundane,piaQCUPYog8_w,contains_word,word-presence-dataset_v1.1.csv,0,0
piaQCUPYog8_e4,The work was pretty mundane.,example_sentence,,0,,mundane,piaQCUPYog8_w,contains_word,word-presence-dataset_v1.1.csv,0,0
pIMJHKULH9U_e1,The other kids used to taunt him in the playground because he was fat and wore glasses.,example_sentence,,0,,taunt,pIMJHKULH9U_w,contains_word,word-presence-dataset_v1.1.csv,0,0
pIU3UECqksw_e1,"According to witnesses, the altercation between the two men started inside the restaurant.",example_sentence,,0,,altercation,pIU3UECqksw_w,contains_word,word-presence-dataset_v1.1.csv,0,0
PK8Xkko03cs_e1,She assured him (that) the car would be ready the next day.,example_sentence,,0,,assure,PK8Xkko03cs_w,contains_word,word-presence-dataset_v1.1.csv,0,0
PK8Xkko03cs_e2,The governor assured the voters (that) taxes would not be raised.,example_sentence,,0,,assure,PK8Xkko03cs_w,contains_word,word-presence-dataset_v1.1.csv,0,0
PK8Xkko03cs_e3,I assure you they'll be perfectly safe with us..,example_sentence,,0,,assure,PK8Xkko03cs_w,contains_word,word-presence-dataset_v1.1.csv,0,0
PK8Xkko03cs_e4,I assure you I was his enemy eight years ago.,example_sentence,,0,,assure,PK8Xkko03cs_w,contains_word,word-presence-dataset_v1.1.csv,0,0
PK8Xkko03cs_e5,"Well, I can assure you I won't run off when I see you.",example_sentence,,0,,assure,PK8Xkko03cs_w,contains_word,word-presence-dataset_v1.1.csv,0,0
pKSDna_7WYE_e1,He thanked his mother for being unconditionally supportive.,example_sentence,,0,,unconditionally,pKSDna_7WYE_w,contains_word,word-presence-dataset_v1.1.csv,0,0
pkYmIpVgB2A_e1,I have only a vague notion of what she does for a living.,example_sentence,,0,,notion,pkYmIpVgB2A_w,contains_word,word-presence-dataset_v1.1.csv,0,0
pmwPef49KGE_e1,The mood was relaxed and convivial.,example_sentence,,0,,convivial,pmwPef49KGE_w,contains_word,word-presence-dataset_v1.1.csv,0,0
pmwPef49KGE_e2,"Dury is convivial, affable and engaging.",example_sentence,,0,,convivial,pmwPef49KGE_w,contains_word,word-presence-dataset_v1.1.csv,0,0
pmwPef49KGE_e3,The atmosphere was quite convivial.,example_sentence,,0,,convivial,pmwPef49KGE_w,contains_word,word-presence-dataset_v1.1.csv,0,0
pmwPef49KGE_e4,"Eat slowly in convivial surroundings and, above all, enjoy your food.",example_sentence,,0,,convivial,pmwPef49KGE_w,contains_word,word-presence-dataset_v1.1.csv,0,0
pQfkhE7-uoA_e1,He's been accused of robbery.,example_sentence,,0,,accuse,pQfkhE7-uoA_w,contains_word,word-presence-dataset_v1.1.csv,0,0
pQfkhE7-uoA_e2,She's been accused of acting dishonestly.,example_sentence,,0,,accuse,pQfkhE7-uoA_w,contains_word,word-presence-dataset_v1.1.csv,0,0
pQfkhE7-uoA_e3,"It wasn't my fault."" ""Don't worry, I'm not accusing you.",example_sentence,,0,,accuse,pQfkhE7-uoA_w,contains_word,word-presence-dataset_v1.1.csv,0,0
pQfkhE7-uoA_e4,She was accused of stealing by her roommate.,example_sentence,,0,,accuse,pQfkhE7-uoA_w,contains_word,word-presence-dataset_v1.1.csv,0,0
PsaESG5ARyc_e1,"In 15 years, India will likely surpass China as the world's largest market.",example_sentence,,0,,surpass,PsaESG5ARyc_w,contains_word,word-presence-dataset_v1.1.csv,0,0
PsaESG5ARyc_e2,Young people surpass old men in strength.,example_sentence,,0,,surpass,PsaESG5ARyc_w,contains_word,word-presence-dataset_v1.1.csv,0,0
PsaESG5ARyc_e3,The director has really surpassed himself (= done better than he has done before) with this new film.,example_sentence,,0,,surpass,PsaESG5ARyc_w,contains_word,word-presence-dataset_v1.1.csv,0,0
PsaESG5ARyc_e4,Our team's achievements surpass those of teams in earlier years.,example_sentence,,0,,surpass,PsaESG5ARyc_w,contains_word,word-presence-dataset_v1.1.csv,0,0
pTIJ-8yubFs_e1,the Company has hired a consultant to carry out the study.,example_sentence,,0,,consultant,pTIJ-8yubFs_w,contains_word,word-presence-dataset_v1.1.csv,0,0
ptj3ND19s68_e1,He came in with four shopping bags and dumped them on the table.,example_sentence,,0,,dump,ptj3ND19s68_w,contains_word,word-presence-dataset_v1.1.csv,0,0
ptj3ND19s68_e2,He opposes any kind of nuclear waste being dumped at sea.,example_sentence,,0,,dump,ptj3ND19s68_w,contains_word,word-presence-dataset_v1.1.csv,0,0
ptj3ND19s68_e3,The car was dumped in a stretch of wasteland in the south of the city.,example_sentence,,0,,dump,ptj3ND19s68_w,contains_word,word-presence-dataset_v1.1.csv,0,0
ptj3ND19s68_e4,She had been strangled with her own scarf and her body dumped in the woods.,example_sentence,,0,,dump,ptj3ND19s68_w,contains_word,word-presence-dataset_v1.1.csv,0,0
PV4FwYxTHwo_e1,A wry smile/comment,example_sentence,,0,,wry,PV4FwYxTHwo_w,contains_word,word-presence-dataset_v1.1.csv,0,0
pWXcMusN_mw_e1,The documents had been duplicated.,example_sentence,,0,,duplicate,pWXcMusN_mw_w,contains_word,word-presence-dataset_v1.1.csv,0,0
pWXcMusN_mw_e2,I lost the original form so they sent me a duplicate.,example_sentence,,0,,duplicate,pWXcMusN_mw_w,contains_word,word-presence-dataset_v1.1.csv,0,0
pWXcMusN_mw_e3,There's a machine that can duplicate nine DVDs at a time.,example_sentence,,0,,duplicate,pWXcMusN_mw_w,contains_word,word-presence-dataset_v1.1.csv,0,0
pWXcMusN_mw_e4,You'll just have to duplicate your performance.,example_sentence,,0,,duplicate,pWXcMusN_mw_w,contains_word,word-presence-dataset_v1.1.csv,0,0
Px3YHp0J81U_e1,He was feeling a little edgy about the whole thing.,example_sentence,,0,,edgy,Px3YHp0J81U_w,contains_word,word-presence-dataset_v1.1.csv,0,0
PX8yyGWh_7k_e1,That was the worst film I've ever had the misfortune to see.,example_sentence,,0,,misfortune,PX8yyGWh_7k_w,contains_word,word-presence-dataset_v1.1.csv,0,0
PX8yyGWh_7k_e2,I'm sorry about your misfortune.,example_sentence,,0,,misfortune,PX8yyGWh_7k_w,contains_word,word-presence-dataset_v1.1.csv,0,0
PX8yyGWh_7k_e3,She had the misfortune to break her leg.,example_sentence,,0,,misfortune,PX8yyGWh_7k_w,contains_word,word-presence-dataset_v1.1.csv,0,0
PX8yyGWh_7k_e4,Never take delight in someone's personal misfortunes.,example_sentence,,0,,misfortune,PX8yyGWh_7k_w,contains_word,word-presence-dataset_v1.1.csv,0,0
pXieXJmVbdg_e1,a sound evocative of the sea,example_sentence,,0,,evocative,pXieXJmVbdg_w,contains_word,word-presence-dataset_v1.1.csv,0,0
pXieXJmVbdg_e2,Those old toys are evocative of my boyhood.,example_sentence,,0,,evocative,pXieXJmVbdg_w,contains_word,word-presence-dataset_v1.1.csv,0,0
pXieXJmVbdg_e3,Her new book is wonderfully evocative of village life.,example_sentence,,0,,evocative,pXieXJmVbdg_w,contains_word,word-presence-dataset_v1.1.csv,0,0
pXieXJmVbdg_e4,The taste of the cakes was evocative of my childhood.,example_sentence,,0,,evocative,pXieXJmVbdg_w,contains_word,word-presence-dataset_v1.1.csv,0,0
Py6-Ah38uGE_e1,We shared a taxi and split the fare.,example_sentence,,0,,fare,Py6-Ah38uGE_w,contains_word,word-presence-dataset_v1.1.csv,0,0
Py6-Ah38uGE_e2,She didn't have enough money for the bus fare.,example_sentence,,0,,fare,Py6-Ah38uGE_w,contains_word,word-presence-dataset_v1.1.csv,0,0
Py6-Ah38uGE_e3,She dickered with the driver over the fare.,example_sentence,,0,,fare,Py6-Ah38uGE_w,contains_word,word-presence-dataset_v1.1.csv,0,0
Py6-Ah38uGE_e4,I paid my fare to the ticket agent.,example_sentence,,0,,fare,Py6-Ah38uGE_w,contains_word,word-presence-dataset_v1.1.csv,0,0
Q26Pd5kro4c_e1,"Running along the beach, she stumbled on a log and fell on the sand",example_sentence,,0,,stumble,Q26Pd5kro4c_w,contains_word,word-presence-dataset_v1.1.csv,0,0
Q26Pd5kro4c_e2,"In the final straight Meyers stumbled, and although he didn't fall it was enough to lose him first place.",example_sentence,,0,,stumble,Q26Pd5kro4c_w,contains_word,word-presence-dataset_v1.1.csv,0,0
Q26Pd5kro4c_e3,we could hear her stumbling about/around the bedroom in the dark.,example_sentence,,0,,stumble,Q26Pd5kro4c_w,contains_word,word-presence-dataset_v1.1.csv,0,0
Q26Pd5kro4c_e4,He pulled on his clothes and stumbled into the kitchen.,example_sentence,,0,,stumble,Q26Pd5kro4c_w,contains_word,word-presence-dataset_v1.1.csv,0,0
q7Pv3BNT4bI_e1,It's no use trying to persuade him (that) you're innocent.,example_sentence,,0,,persuade,q7Pv3BNT4bI_w,contains_word,word-presence-dataset_v1.1.csv,0,0
Q95GDH2EpT4_e1,I think she's very conscious of being the only person in the office who didn't have a university education.,example_sentence,,0,,conscious,Q95GDH2EpT4_w,contains_word,word-presence-dataset_v1.1.csv,0,0
Q95GDH2EpT4_e2,he gradually became conscious (of the fact) that everyone else was wearing a suit.,example_sentence,,0,,conscious,Q95GDH2EpT4_w,contains_word,word-presence-dataset_v1.1.csv,0,0
Q95GDH2EpT4_e3,People have become much more conscious of the need to exercise regularly.,example_sentence,,0,,conscious,Q95GDH2EpT4_w,contains_word,word-presence-dataset_v1.1.csv,0,0
Q95GDH2EpT4_e4,I'm very conscious of my weight.,example_sentence,,0,,conscious,Q95GDH2EpT4_w,contains_word,word-presence-dataset_v1.1.csv,0,0
Qa_xoeJIJBs_e1,He has just become a father.,example_sentence,,0,,become,Qa_xoeJIJBs_w,contains_word,word-presence-dataset_v1.1.csv,0,0
Qa_xoeJIJBs_e2,He became a US citizen in 1955.,example_sentence,,0,,become,Qa_xoeJIJBs_w,contains_word,word-presence-dataset_v1.1.csv,0,0
Qa_xoeJIJBs_e3,She's studying to become a teacher.,example_sentence,,0,,become,Qa_xoeJIJBs_w,contains_word,word-presence-dataset_v1.1.csv,0,0
Qa_xoeJIJBs_e4,The child has become skillful in reading and writing.,example_sentence,,0,,become,Qa_xoeJIJBs_w,contains_word,word-presence-dataset_v1.1.csv,0,0
QDmv8QlSYq8_e1,a punctual start to the meeting,example_sentence,,0,,punctual,QDmv8QlSYq8_w,contains_word,word-presence-dataset_v1.1.csv,0,0
QDmv8QlSYq8_e2,He's fairly punctual (= he usually arrives on time).,example_sentence,,0,,punctual,QDmv8QlSYq8_w,contains_word,word-presence-dataset_v1.1.csv,0,0
QDmv8QlSYq8_e3,"Please try to be punctual, so we can start the meeting on time.",example_sentence,,0,,punctual,QDmv8QlSYq8_w,contains_word,word-presence-dataset_v1.1.csv,0,0
QDmv8QlSYq8_e4,"The successful candidate will be efficient, neat, and punctual.",example_sentence,,0,,punctual,QDmv8QlSYq8_w,contains_word,word-presence-dataset_v1.1.csv,0,0
qFQQdsa_uhI_e1,He lost a fortune gambling.,example_sentence,,0,,fortune,qFQQdsa_uhI_w,contains_word,word-presence-dataset_v1.1.csv,0,0
qGj5J3oI100_e1,"We've got two TVs, but neither works properly.",example_sentence,,0,,neither,qGj5J3oI100_w,contains_word,word-presence-dataset_v1.1.csv,0,0
QIeft8689iA_e1,The unions continue to agitate for higher pay.,example_sentence,,0,,agitate,QIeft8689iA_w,contains_word,word-presence-dataset_v1.1.csv,0,0
qItgIgZzXnc_e1,She has adapted herself to college life quite easily.,example_sentence,,0,,adapt,qItgIgZzXnc_w,contains_word,word-presence-dataset_v1.1.csv,0,0
qItgIgZzXnc_e2,She knew how to adapt herself.,example_sentence,,0,,adapt,qItgIgZzXnc_w,contains_word,word-presence-dataset_v1.1.csv,0,0
qItgIgZzXnc_e3,You should adapt yourself to the new class.,example_sentence,,0,,adapt,qItgIgZzXnc_w,contains_word,word-presence-dataset_v1.1.csv,0,0
qItgIgZzXnc_e4,It's amazing how quickly people adapt.,example_sentence,,0,,adapt,qItgIgZzXnc_w,contains_word,word-presence-dataset_v1.1.csv,0,0
qKlS0wqBfdk_e1,He could discern the note of urgency in their voices.,example_sentence,,0,,discern,qKlS0wqBfdk_w,contains_word,word-presence-dataset_v1.1.csv,0,0
qKlS0wqBfdk_e2,We must discern between the truth and lies.,example_sentence,,0,,discern,qKlS0wqBfdk_w,contains_word,word-presence-dataset_v1.1.csv,0,0
qKlS0wqBfdk_e3,I could just discern a figure in the darkness.,example_sentence,,0,,discern,qKlS0wqBfdk_w,contains_word,word-presence-dataset_v1.1.csv,0,0
qKlS0wqBfdk_e4,It is difficult to discern any pattern in these figures.,example_sentence,,0,,discern,qKlS0wqBfdk_w,contains_word,word-presence-dataset_v1.1.csv,0,0
QMUp3oPcLB8_e1,Dribble the remaining olive oil over the tomatoes.,example_sentence,,0,,dribble,QMUp3oPcLB8_w,contains_word,word-presence-dataset_v1.1.csv,0,0
QnhCavVEYCI_e1,It's available in a choice of colours.,example_sentence,,0,,choice,QnhCavVEYCI_w,contains_word,word-presence-dataset_v1.1.csv,0,0
qpuq0EtCurU_e1,This is a school for children with severe learning difficulties.,example_sentence,,0,,severe,qpuq0EtCurU_w,contains_word,word-presence-dataset_v1.1.csv,0,0
qpuq0EtCurU_e2,There is expected to be a severe frost tonight.,example_sentence,,0,,severe,qpuq0EtCurU_w,contains_word,word-presence-dataset_v1.1.csv,0,0
qpuq0EtCurU_e3,Severe cutbacks in public spending have been announced.,example_sentence,,0,,severe,qpuq0EtCurU_w,contains_word,word-presence-dataset_v1.1.csv,0,0
qpuq0EtCurU_e4,In parts of Africa there is a severe food/water shortage.,example_sentence,,0,,severe,qpuq0EtCurU_w,contains_word,word-presence-dataset_v1.1.csv,0,0
qpxHigzHK9U_e1,I was never given the opportunity of going to college.,example_sentence,,0,,opportunity,qpxHigzHK9U_w,contains_word,word-presence-dataset_v1.1.csv,0,0
qpxHigzHK9U_e2,I had an opportunity to go to New York and study.,example_sentence,,0,,opportunity,qpxHigzHK9U_w,contains_word,word-presence-dataset_v1.1.csv,0,0
qpxHigzHK9U_e3,She was given the opportunity to manage a day-care center.,example_sentence,,0,,opportunity,qpxHigzHK9U_w,contains_word,word-presence-dataset_v1.1.csv,0,0
qpxHigzHK9U_e4,Thank you for the opportunity to work with your company.,example_sentence,,0,,opportunity,qpxHigzHK9U_w,contains_word,word-presence-dataset_v1.1.csv,0,0
QqMFMk07hbc_e1,I knew him when he was an aspiring young law student.,example_sentence,,0,,aspiring,QqMFMk07hbc_w,contains_word,word-presence-dataset_v1.1.csv,0,0
qrOofeX8eJ8_e1,They eluded the police by fleeing.,example_sentence,,0,,elude - 2,qrOofeX8eJ8_w,contains_word,word-presence-dataset_v1.1.csv,0,0
QTJhjBJ1YFA_e1,The president gave a reception for the visiting heads of state.,example_sentence,,0,,reception,QTJhjBJ1YFA_w,contains_word,word-presence-dataset_v1.1.csv,0,0
qu8giahciI0_e1,They bribed the waiter to find them a table.,example_sentence,,0,,bribe,qu8giahciI0_w,contains_word,word-presence-dataset_v1.1.csv,0,0
qzBaNu4EDrQ_e1,"She claims to have occult powers, given to her by some mysterious spirit.",example_sentence,,0,,mysterious,qzBaNu4EDrQ_w,contains_word,word-presence-dataset_v1.1.csv,0,0
qzBaNu4EDrQ_e2,"When I got home, I found a mysterious message sellotaped to the front door.",example_sentence,,0,,mysterious,qzBaNu4EDrQ_w,contains_word,word-presence-dataset_v1.1.csv,0,0
qzBaNu4EDrQ_e3,She wondered who'd sent her the mysterious email.,example_sentence,,0,,mysterious,qzBaNu4EDrQ_w,contains_word,word-presence-dataset_v1.1.csv,0,0
qzBaNu4EDrQ_e4,His action was very mysterious.,example_sentence,,0,,mysterious,qzBaNu4EDrQ_w,contains_word,word-presence-dataset_v1.1.csv,0,0
R2N4OQE-q3c_e1,"The whole report is badly written. Moreover, it's inaccurate.",example_sentence,,0,,moreover,R2N4OQE-q3c_w,contains_word,word-presence-dataset_v1.1.csv,0,0
R2N4OQE-q3c_e2,"The car looked good;  moreover, the price was right.",example_sentence,,0,,moreover,R2N4OQE-q3c_w,contains_word,word-presence-dataset_v1.1.csv,0,0
R2N4OQE-q3c_e3,"Smoking is a bad habit; moreover , it is very expensive.",example_sentence,,0,,moreover,R2N4OQE-q3c_w,contains_word,word-presence-dataset_v1.1.csv,0,0
R2N4OQE-q3c_e4,"The student's essay was badly written. Moreover, it was too short.",example_sentence,,0,,moreover,R2N4OQE-q3c_w,contains_word,word-presence-dataset_v1.1.csv,0,0
R58IiIlbEPs_e1,You will need permission from your parents to go on the trip.,example_sentence,,0,,permission,R58IiIlbEPs_w,contains_word,word-presence-dataset_v1.1.csv,0,0
R7Mdus_PuVk_e1,He was continually gloating over her win at the game.,example_sentence,,0,,gloat,R7Mdus_PuVk_w,contains_word,word-presence-dataset_v1.1.csv,0,0
r7sSMy9iqQA_e1,Her consciousness that she's different makes her feel uneasy.,example_sentence,,0,,consciousness,r7sSMy9iqQA_w,contains_word,word-presence-dataset_v1.1.csv,0,0
r7sSMy9iqQA_e2,He shows no consciousness that others might find him boring.,example_sentence,,0,,consciousness,r7sSMy9iqQA_w,contains_word,word-presence-dataset_v1.1.csv,0,0
r7sSMy9iqQA_e3,The children have no consciousness of being different.,example_sentence,,0,,consciousness,r7sSMy9iqQA_w,contains_word,word-presence-dataset_v1.1.csv,0,0
r7sSMy9iqQA_e4,Her consciousness of the feelings of others was the thing that made her a fantastic doctor.,example_sentence,,0,,consciousness,r7sSMy9iqQA_w,contains_word,word-presence-dataset_v1.1.csv,0,0
rahU3wO6czo_e1,We intend to go to Australia next year.,example_sentence,,0,,intend,rahU3wO6czo_w,contains_word,word-presence-dataset_v1.1.csv,0,0
rahU3wO6czo_e2,I've heard that she intends to leave the company.,example_sentence,,0,,intend,rahU3wO6czo_w,contains_word,word-presence-dataset_v1.1.csv,0,0
rahU3wO6czo_e3,They intend to invest directly in shares.,example_sentence,,0,,intend,rahU3wO6czo_w,contains_word,word-presence-dataset_v1.1.csv,0,0
rahU3wO6czo_e4,Do you intend to continue your studies?,example_sentence,,0,,intend,rahU3wO6czo_w,contains_word,word-presence-dataset_v1.1.csv,0,0
rD5qE7Z3QaM_e1,Please look out when you're crossing streets.,example_sentence,,0,,look out,rD5qE7Z3QaM_w,contains_word,word-presence-dataset_v1.1.csv,0,0
rDWLER4CzbI_e1,The fellowship is tenable for (= lasts for) three years.,example_sentence,,0,,tenable,rDWLER4CzbI_w,contains_word,word-presence-dataset_v1.1.csv,0,0
RIwfym39VVM_e3,It was so exciting to see that our bird box has some new inhabitants.,example_sentence,,0,,inhabitant,RIwfym39VVM_w,contains_word,word-presence-dataset_v1.1.csv,0,0
RIwfym39VVM_e4,"The first inhabitant of the farm was my great-grandfather, who built the",example_sentence,,0,,inhabitant,RIwfym39VVM_w,contains_word,word-presence-dataset_v1.1.csv,0,0
rJvU_NOuwRA_e1,There's a little café on the corner that serves very good coffee.,example_sentence,,0,,cafe,rJvU_NOuwRA_w,contains_word,word-presence-dataset_v1.1.csv,0,0
rKV7gMudw_o_e1,He was a 16th-century prophet who foretold how the world would end.,example_sentence,,0,,foretell,rKV7gMudw_o_w,contains_word,word-presence-dataset_v1.1.csv,0,0
rKV7gMudw_o_e2,Who can venture to foretell how their strange career will end?,example_sentence,,0,,foretell,rKV7gMudw_o_w,contains_word,word-presence-dataset_v1.1.csv,0,0
rKV7gMudw_o_e3,Willow trees breaking out into buds foretell the coming of spring.,example_sentence,,0,,foretell,rKV7gMudw_o_w,contains_word,word-presence-dataset_v1.1.csv,0,0
rKV7gMudw_o_e4,You can't foretell how the war will end.,example_sentence,,0,,foretell,rKV7gMudw_o_w,contains_word,word-presence-dataset_v1.1.csv,0,0
rLPUVyQVRb8_e1,The paper publishes two brainteasers every Saturday.,example_sentence,,0,,brainteaser,rLPUVyQVRb8_w,contains_word,word-presence-dataset_v1.1.csv,0,0
r-ROZtYJq7A_e1,The company has drawn up a new disciplinary code.,example_sentence,,0,,disciplinary,r-ROZtYJq7A_w,contains_word,word-presence-dataset_v1.1.csv,0,0
r-ROZtYJq7A_e2,All schools have disciplinary procedures they must follow .,example_sentence,,0,,disciplinary,r-ROZtYJq7A_w,contains_word,word-presence-dataset_v1.1.csv,0,0
r-ROZtYJq7A_e3,The soldier received a dishonourable discharge for a disciplinary offence.,example_sentence,,0,,disciplinary,r-ROZtYJq7A_w,contains_word,word-presence-dataset_v1.1.csv,0,0
r-ROZtYJq7A_e4,His great work was discipline.,example_sentence,,0,,disciplinary,r-ROZtYJq7A_w,contains_word,word-presence-dataset_v1.1.csv,0,0
rxmpCLFOEbk_e1,"To feel or express great sadness, especially because of someone's death",example_sentence,,0,,mourn,rxmpCLFOEbk_w,contains_word,word-presence-dataset_v1.1.csv,0,0
RY2eefQqXvs_e1,The center of the map is the zenith (straight overhead).,example_sentence,,0,,zenith,RY2eefQqXvs_w,contains_word,word-presence-dataset_v1.1.csv,0,0
rzrll2_y7Xk_e1,"When it comes to housework, I tend to procrastinate.",example_sentence,,0,,procrastinate,rzrll2_y7Xk_w,contains_word,word-presence-dataset_v1.1.csv,0,0
rzrll2_y7Xk_e2,I know I've got to deal with the problem at some point - I'm just procrastinating.,example_sentence,,0,,procrastinate,rzrll2_y7Xk_w,contains_word,word-presence-dataset_v1.1.csv,0,0
rzrll2_y7Xk_e3,"There is nothing to be gained by procrastinating, and much to be lost.",example_sentence,,0,,procrastinate,rzrll2_y7Xk_w,contains_word,word-presence-dataset_v1.1.csv,0,0
rzrll2_y7Xk_e4,They will procrastinate for as long as possible.,example_sentence,,0,,procrastinate,rzrll2_y7Xk_w,contains_word,word-presence-dataset_v1.1.csv,0,0
s3zBxbzJNkg_e1,She does a lot of work for charity.,example_sentence,,0,,charity,s3zBxbzJNkg_w,contains_word,word-presence-dataset_v1.1.csv,0,0
s5ev9o9-Hj4_e1,We hired a magician to entertain the children.,example_sentence,,0,,entertain,s5ev9o9-Hj4_w,contains_word,word-presence-dataset_v1.1.csv,0,0
s7OirsqV-oM_e1,These politicians are just a bunch of crooks.,example_sentence,,0,,bunch,s7OirsqV-oM_w,contains_word,word-presence-dataset_v1.1.csv,0,0
s7OirsqV-oM_e2,She sent him a beautiful bunch of red roses.,example_sentence,,0,,bunch,s7OirsqV-oM_w,contains_word,word-presence-dataset_v1.1.csv,0,0
s7OirsqV-oM_e3,I don't want to sleep with a bunch of men.,example_sentence,,0,,bunch,s7OirsqV-oM_w,contains_word,word-presence-dataset_v1.1.csv,0,0
s7OirsqV-oM_e4,Your friends are a nice bunch.,example_sentence,,0,,bunch,s7OirsqV-oM_w,contains_word,word-presence-dataset_v1.1.csv,0,0
S9qHBdiXN4U_e1,Being unemployed entitles you to free medical treatment.,example_sentence,,0,,treatment,S9qHBdiXN4U_w,contains_word,word-presence-dataset_v1.1.csv,0,0
S9qHBdiXN4U_e2,He's been having treatment for two months now without any improvement.,example_sentence,,0,,treatment,S9qHBdiXN4U_w,contains_word,word-presence-dataset_v1.1.csv,0,0
S9qHBdiXN4U_e3,I had some very expensive dental treatment recently - but it was money well spent - it'll save me problems in the future.,example_sentence,,0,,treatment,S9qHBdiXN4U_w,contains_word,word-presence-dataset_v1.1.csv,0,0
S9qHBdiXN4U_e4,"Without treatment, she will almost certainly die.",example_sentence,,0,,treatment,S9qHBdiXN4U_w,contains_word,word-presence-dataset_v1.1.csv,0,0
scJSFdl6vqk_e1,"I've had two job offers, and I'm in a real quandary about/over which one to accept.",example_sentence,,0,,quandary,scJSFdl6vqk_w,contains_word,word-presence-dataset_v1.1.csv,0,0
sdmxMoHYuoU_e1,Can the sales team achieve its financial objectives,example_sentence,,0,,objective,sdmxMoHYuoU_w,contains_word,word-presence-dataset_v1.1.csv,0,0
SdOXUWQqbu0_e1,an adroit reaction/answer/movement of the hand,example_sentence,,0,,adroit,SdOXUWQqbu0_w,contains_word,word-presence-dataset_v1.1.csv,0,0
SdOXUWQqbu0_e2,She became adroit at dealing with difficult questions.,example_sentence,,0,,adroit,SdOXUWQqbu0_w,contains_word,word-presence-dataset_v1.1.csv,0,0
SdOXUWQqbu0_e3,She is a remarkably adroit and determined politician.,example_sentence,,0,,adroit,SdOXUWQqbu0_w,contains_word,word-presence-dataset_v1.1.csv,0,0
SdOXUWQqbu0_e4,He soon became adroit at steering the boat.,example_sentence,,0,,adroit,SdOXUWQqbu0_w,contains_word,word-presence-dataset_v1.1.csv,0,0
SEKRNyZ9Sgg_e1,Spending twelve hours on a plane isn't a very attractive (= pleasant) prospect.,example_sentence,,0,,attractive,SEKRNyZ9Sgg_w,contains_word,word-presence-dataset_v1.1.csv,0,0
SEKRNyZ9Sgg_e2,We need to make the club attractive to a wider range of people.,example_sentence,,0,,attractive,SEKRNyZ9Sgg_w,contains_word,word-presence-dataset_v1.1.csv,0,0
SEKRNyZ9Sgg_e3,"He's the most attractive man in the building, no doubt about that.",example_sentence,,0,,attractive,SEKRNyZ9Sgg_w,contains_word,word-presence-dataset_v1.1.csv,0,0
SEKRNyZ9Sgg_e4,They made me a very attractive job offer.,example_sentence,,0,,attractive,SEKRNyZ9Sgg_w,contains_word,word-presence-dataset_v1.1.csv,0,0
Si3y5f7woD0_e1,She's a very effective teacher.,example_sentence,,0,,effective,Si3y5f7woD0_w,contains_word,word-presence-dataset_v1.1.csv,0,0
skPSZU0gZJE_e1,The exact distance is 1.838 metres.,example_sentence,,0,,exact,skPSZU0gZJE_w,contains_word,word-presence-dataset_v1.1.csv,0,0
SlQBTWvnHCI_e1,He advocates the return of capital punishment.,example_sentence,,0,,advocate,SlQBTWvnHCI_w,contains_word,word-presence-dataset_v1.1.csv,0,0
SlQBTWvnHCI_e2,I would advocate a system that is fair to everyone.,example_sentence,,0,,advocate,SlQBTWvnHCI_w,contains_word,word-presence-dataset_v1.1.csv,0,0
SlQBTWvnHCI_e3,The Food Standards Agency advocated a ban on advertising junk food to children.,example_sentence,,0,,advocate,SlQBTWvnHCI_w,contains_word,word-presence-dataset_v1.1.csv,0,0
SlQBTWvnHCI_e4,The organization advocates for human rights.,example_sentence,,0,,advocate,SlQBTWvnHCI_w,contains_word,word-presence-dataset_v1.1.csv,0,0
SnJUsE4wpr0_e1,"An example of ellipsis is ""What percentage was left?"" ""20."" (= 20 percent)",example_sentence,,0,,ellipsis,SnJUsE4wpr0_w,contains_word,word-presence-dataset_v1.1.csv,0,0
sOeSDdQ8GhM_e1,Patients were discharged from the hospital because the beds were needed by other people.,example_sentence,,0,,discharge,sOeSDdQ8GhM_w,contains_word,word-presence-dataset_v1.1.csv,0,0
sOeSDdQ8GhM_e2,More than half of all prisoners discharged are reconvicted within two years.,example_sentence,,0,,discharge,sOeSDdQ8GhM_w,contains_word,word-presence-dataset_v1.1.csv,0,0
sOeSDdQ8GhM_e3,We had to discharge several employees last month,example_sentence,,0,,discharge,sOeSDdQ8GhM_w,contains_word,word-presence-dataset_v1.1.csv,0,0
sOeSDdQ8GhM_e4,Thousands of soldiers were discharged after the war.,example_sentence,,0,,discharge,sOeSDdQ8GhM_w,contains_word,word-presence-dataset_v1.1.csv,0,0
spDHZsNp4RA_e1,Rahul hunched his shoulders against a gust of snow,example_sentence,,0,,hunch,spDHZsNp4RA_w,contains_word,word-presence-dataset_v1.1.csv,0,0
Sq5AE3j8CQY_e1,The agreement was reached after a series of difficult negotiations.,example_sentence,,0,,negotiation,Sq5AE3j8CQY_w,contains_word,word-presence-dataset_v1.1.csv,0,0
SuAbKSNQQVI_e1,Did you have a reason for choosing your destination or was it arbitrary?,example_sentence,,0,,arbitrary,SuAbKSNQQVI_w,contains_word,word-presence-dataset_v1.1.csv,0,0
sUGW7VoKw00_e1,Small businesses have been exempted from the tax increase.,example_sentence,,0,,exempt,sUGW7VoKw00_w,contains_word,word-presence-dataset_v1.1.csv,0,0
sUGW7VoKw00_e2,Goods exempt from this tax include books and children's clothes.,example_sentence,,0,,exempt,sUGW7VoKw00_w,contains_word,word-presence-dataset_v1.1.csv,0,0
sUGW7VoKw00_e3,Pregnant women are exempt from dental charges under the current health system.,example_sentence,,0,,exempt,sUGW7VoKw00_w,contains_word,word-presence-dataset_v1.1.csv,0,0
sUGW7VoKw00_e4,Nonprofit organizations are exempt from taxes.,example_sentence,,0,,exempt,sUGW7VoKw00_w,contains_word,word-presence-dataset_v1.1.csv,0,0
SUP1FI1-y7A_e1,Is it too late to enrol at the college?,example_sentence,,0,,enrol,SUP1FI1-y7A_w,contains_word,word-presence-dataset_v1.1.csv,0,0
SUPU7QRMZw8_e1,Steven gave me some good advice.,example_sentence,,0,,advice,SUPU7QRMZw8_w,contains_word,word-presence-dataset_v1.1.csv,0,0
SVXQA7MYbQg_e1,I still love him and I would never forsake him.,example_sentence,,0,,forsake,SVXQA7MYbQg_w,contains_word,word-presence-dataset_v1.1.csv,0,0
SVXQA7MYbQg_e2,He decided to forsake politics for journalism.,example_sentence,,0,,forsake,SVXQA7MYbQg_w,contains_word,word-presence-dataset_v1.1.csv,0,0
SVXQA7MYbQg_e3,You must forsake your bad habits.,example_sentence,,0,,forsake,SVXQA7MYbQg_w,contains_word,word-presence-dataset_v1.1.csv,0,0
SVXQA7MYbQg_e4,My husband would never forsake Uncle Brian.,example_sentence,,0,,forsake,SVXQA7MYbQg_w,contains_word,word-presence-dataset_v1.1.csv,0,0
SXy03IAmr_A_e1,He was accompanied on the visit by his wife.,example_sentence,,0,,accompany,SXy03IAmr_A_w,contains_word,word-presence-dataset_v1.1.csv,0,0
SXy03IAmr_A_e2,I must ask you to accompany me to the police station.,example_sentence,,0,,accompany,SXy03IAmr_A_w,contains_word,word-presence-dataset_v1.1.csv,0,0
SZa4F8UXb5I_e1,Angela can do a phenomenal amount of work in one day.,example_sentence,,0,,phenomenal,SZa4F8UXb5I_w,contains_word,word-presence-dataset_v1.1.csv,0,0
SZa4F8UXb5I_e2,He has a phenomenal memory.,example_sentence,,0,,phenomenal,SZa4F8UXb5I_w,contains_word,word-presence-dataset_v1.1.csv,0,0
SZa4F8UXb5I_e3,Mumbai has experienced a phenomenal growth in population.,example_sentence,,0,,phenomenal,SZa4F8UXb5I_w,contains_word,word-presence-dataset_v1.1.csv,0,0
SZa4F8UXb5I_e4,The product has been a phenomenal success.,example_sentence,,0,,phenomenal,SZa4F8UXb5I_w,contains_word,word-presence-dataset_v1.1.csv,0,0
SZa4F8UXb5I_e5,He has learned a phenomenal amount in the last two years.,example_sentence,,0,,phenomenal,SZa4F8UXb5I_w,contains_word,word-presence-dataset_v1.1.csv,0,0
T0waubuK70M_e1,She was a ravishing sight in her wedding dress.,example_sentence,,0,,ravishing,T0waubuK70M_w,contains_word,word-presence-dataset_v1.1.csv,0,0
T0waubuK70M_e2,Cynthia looked positively ravishing this evening.,example_sentence,,0,,ravishing,T0waubuK70M_w,contains_word,word-presence-dataset_v1.1.csv,0,0
T0waubuK70M_e3,The story is very ravishing.,example_sentence,,0,,ravishing,T0waubuK70M_w,contains_word,word-presence-dataset_v1.1.csv,0,0
T0waubuK70M_e4,The film is ravishing to look at and boasts a sensuous musical score.,example_sentence,,0,,ravishing,T0waubuK70M_w,contains_word,word-presence-dataset_v1.1.csv,0,0
T21xaGEl3ks_e1,She lectures to audiences all over the world.,example_sentence,,0,,audience,T21xaGEl3ks_w,contains_word,word-presence-dataset_v1.1.csv,0,0
T21xaGEl3ks_e2,The audience was/were clearly delighted with the performance.,example_sentence,,0,,audience,T21xaGEl3ks_w,contains_word,word-presence-dataset_v1.1.csv,0,0
T21xaGEl3ks_e3,"The magic show had a lot of audience participation, with people shouting things to the performers and going up on stage.",example_sentence,,0,,audience,T21xaGEl3ks_w,contains_word,word-presence-dataset_v1.1.csv,0,0
T21xaGEl3ks_e4,She announced the winner of the competition to an excited audience.,example_sentence,,0,,audience,T21xaGEl3ks_w,contains_word,word-presence-dataset_v1.1.csv,0,0
tatHTjuxlgM_e1,The president lauded the rise of market economies around the world.,example_sentence,,0,,laud,tatHTjuxlgM_w,contains_word,word-presence-dataset_v1.1.csv,0,0
tatHTjuxlgM_e2,The German leadership lauded the Russian initiative.,example_sentence,,0,,laud,tatHTjuxlgM_w,contains_word,word-presence-dataset_v1.1.csv,0,0
tatHTjuxlgM_e3,He was lauded for his courage.,example_sentence,,0,,laud,tatHTjuxlgM_w,contains_word,word-presence-dataset_v1.1.csv,0,0
tatHTjuxlgM_e4,The soldier is lauded for his bravery.,example_sentence,,0,,laud,tatHTjuxlgM_w,contains_word,word-presence-dataset_v1.1.csv,0,0
_Tbcd3_o3-E_e1,The concert has been cancelled owing to lack of interest.,example_sentence,,0,,owing to,_Tbcd3_o3-E_w,contains_word,word-presence-dataset_v1.1.csv,0,0
_Tbcd3_o3-E_e2,The performance has been canceled owing to the strike.,example_sentence,,0,,owing to,_Tbcd3_o3-E_w,contains_word,word-presence-dataset_v1.1.csv,0,0
_Tbcd3_o3-E_e3,Flight BA213 has been delayed owing to fog.,example_sentence,,0,,owing to,_Tbcd3_o3-E_w,contains_word,word-presence-dataset_v1.1.csv,0,0
_Tbcd3_o3-E_e4,The game was cancelled owing to torrential rain.,example_sentence,,0,,owing to,_Tbcd3_o3-E_w,contains_word,word-presence-dataset_v1.1.csv,0,0
TC1aFo88yeM_e1,One of the drawbacks of living with someone is having to share a bathroom.,example_sentence,,0,,drawback,TC1aFo88yeM_w,contains_word,word-presence-dataset_v1.1.csv,0,0
TC1aFo88yeM_e2,The main drawback to it is the cost.,example_sentence,,0,,drawback,TC1aFo88yeM_w,contains_word,word-presence-dataset_v1.1.csv,0,0
TC1aFo88yeM_e3,. Slow speed is the chief drawback of sea shipment.,example_sentence,,0,,drawback,TC1aFo88yeM_w,contains_word,word-presence-dataset_v1.1.csv,0,0
TC1aFo88yeM_e4,He felt the apartment's only drawback was that it was too small.,example_sentence,,0,,drawback,TC1aFo88yeM_w,contains_word,word-presence-dataset_v1.1.csv,0,0
TcnFkuXDCIE_e1,He ran in looking dishevelled.,example_sentence,,0,,dishevelled,TcnFkuXDCIE_w,contains_word,word-presence-dataset_v1.1.csv,0,0
TcnFkuXDCIE_e2,a man with long dishevelled hair.,example_sentence,,0,,dishevelled,TcnFkuXDCIE_w,contains_word,word-presence-dataset_v1.1.csv,0,0
TcnFkuXDCIE_e3,"He looked tired, dishevelled and very pale.",example_sentence,,0,,dishevelled,TcnFkuXDCIE_w,contains_word,word-presence-dataset_v1.1.csv,0,0
TcnFkuXDCIE_e4,The wind dishevelled her hair and skirt.,example_sentence,,0,,dishevelled,TcnFkuXDCIE_w,contains_word,word-presence-dataset_v1.1.csv,0,0
tcunPwYlTuU_e1,She sounded very eager to meet you.,example_sentence,,0,,eager,tcunPwYlTuU_w,contains_word,word-presence-dataset_v1.1.csv,0,0
tcunPwYlTuU_e2,"They crowded around the spokesperson, eager for any news.",example_sentence,,0,,eager,tcunPwYlTuU_w,contains_word,word-presence-dataset_v1.1.csv,0,0
tcunPwYlTuU_e3,Sam was eager to get home and play with his new toy.,example_sentence,,0,,eager,tcunPwYlTuU_w,contains_word,word-presence-dataset_v1.1.csv,0,0
tcunPwYlTuU_e4,"He was always a good boy, very friendly and eager to please.",example_sentence,,0,,eager,tcunPwYlTuU_w,contains_word,word-presence-dataset_v1.1.csv,0,0
tdSX75unAh8_e1,She has one son and she adores him.,example_sentence,,0,,adore,tdSX75unAh8_w,contains_word,word-presence-dataset_v1.1.csv,0,0
tdSX75unAh8_e2,I absolutely adore chocolates.,example_sentence,,0,,adore,tdSX75unAh8_w,contains_word,word-presence-dataset_v1.1.csv,0,0
tdSX75unAh8_e3,Both girls adored their father.,example_sentence,,0,,adore,tdSX75unAh8_w,contains_word,word-presence-dataset_v1.1.csv,0,0
tdSX75unAh8_e4,I adore those shoes!,example_sentence,,0,,adore,tdSX75unAh8_w,contains_word,word-presence-dataset_v1.1.csv,0,0
TDZ2Y6Du8Hg_e1,She went to India on a spiritual quest.,example_sentence,,0,,quest,TDZ2Y6Du8Hg_w,contains_word,word-presence-dataset_v1.1.csv,0,0
TDztbIZLUPI_e1,I bent down to pat the little puppy.,example_sentence,,0,,pat,TDztbIZLUPI_w,contains_word,word-presence-dataset_v1.1.csv,0,0
thB4bYtMedE_e1,"Make sure students realize that ""fat"" is a pejorative word.",example_sentence,,0,,pejorative,thB4bYtMedE_w,contains_word,word-presence-dataset_v1.1.csv,0,0
thB4bYtMedE_e2,The new terminology will quickly become pejorative.,example_sentence,,0,,pejorative,thB4bYtMedE_w,contains_word,word-presence-dataset_v1.1.csv,0,0
thB4bYtMedE_e3,"I agree I am ambitious, and I don't see that as a pejorative term.",example_sentence,,0,,pejorative,thB4bYtMedE_w,contains_word,word-presence-dataset_v1.1.csv,0,0
thB4bYtMedE_e4,Permissiveness is used almost universally as a pejorative term.,example_sentence,,0,,pejorative,thB4bYtMedE_w,contains_word,word-presence-dataset_v1.1.csv,0,0
TheDJtPZdzQ_e1,"He asked me to give him a loan, but I refused.",example_sentence,,0,,refuse,TheDJtPZdzQ_w,contains_word,word-presence-dataset_v1.1.csv,0,0
T_IbLgT7PhE_e1,1 Life without friends is dull.,example_sentence,,0,,dull,T_IbLgT7PhE_w,contains_word,word-presence-dataset_v1.1.csv,0,0
T_IbLgT7PhE_e2,All work and no play makes Jack a dull boy.,example_sentence,,0,,dull,T_IbLgT7PhE_w,contains_word,word-presence-dataset_v1.1.csv,0,0
T_IbLgT7PhE_e3,I felt she found me boring and dull.,example_sentence,,0,,dull,T_IbLgT7PhE_w,contains_word,word-presence-dataset_v1.1.csv,0,0
T_IbLgT7PhE_e4,I have a dull pain.,example_sentence,,0,,dull,T_IbLgT7PhE_w,contains_word,word-presence-dataset_v1.1.csv,0,0
TivYFPrGSNg_e1,He was known as a radical reformer/thinker/politician.,example_sentence,,0,,radical,TivYFPrGSNg_w,contains_word,word-presence-dataset_v1.1.csv,0,0
tjgCta6iTgs_e1,He's due to appear in court again on Monday.,example_sentence,,0,,court,tjgCta6iTgs_w,contains_word,word-presence-dataset_v1.1.csv,0,0
tjgCta6iTgs_e2,He arrived in court handcuffed to two police officers.,example_sentence,,0,,court,tjgCta6iTgs_w,contains_word,word-presence-dataset_v1.1.csv,0,0
tkEw7dEAKBM_e1,His earnings were fairly modest.,example_sentence,,0,,modest,tkEw7dEAKBM_w,contains_word,word-presence-dataset_v1.1.csv,0,0
Tm6YgG2d8Nk_e1,The acquisition of huge amounts of data has helped our research enormously.,example_sentence,,0,,acquisition,Tm6YgG2d8Nk_w,contains_word,word-presence-dataset_v1.1.csv,0,0
Tnqdxu8niOQ_e1,The teacher permitted the boy to go home.,example_sentence,,0,,permit,Tnqdxu8niOQ_w,contains_word,word-presence-dataset_v1.1.csv,0,0
Tnqdxu8niOQ_e2,The security system will not permit you to enter without the correct password.,example_sentence,,0,,permit,Tnqdxu8niOQ_w,contains_word,word-presence-dataset_v1.1.csv,0,0
Tnqdxu8niOQ_e3,Smoking is not permitted anywhere in this theatre.,example_sentence,,0,,permit,Tnqdxu8niOQ_w,contains_word,word-presence-dataset_v1.1.csv,0,0
Tnqdxu8niOQ_e4,My mother permitted me to go to the movies.,example_sentence,,0,,permit,Tnqdxu8niOQ_w,contains_word,word-presence-dataset_v1.1.csv,0,0
TOZ-mgzwrNg_e1,Two eyewitnesses identified her as the culprit.,example_sentence,,0,,culprit,TOZ-mgzwrNg_w,contains_word,word-presence-dataset_v1.1.csv,0,0
TOZ-mgzwrNg_e2,Police hope the public will help them to find the culprits.,example_sentence,,0,,culprit,TOZ-mgzwrNg_w,contains_word,word-presence-dataset_v1.1.csv,0,0
TOZ-mgzwrNg_e3,Are you the culprit who broke this window?,example_sentence,,0,,culprit,TOZ-mgzwrNg_w,contains_word,word-presence-dataset_v1.1.csv,0,0
TOZ-mgzwrNg_e4,Police finally managed to catch the culprit.,example_sentence,,0,,culprit,TOZ-mgzwrNg_w,contains_word,word-presence-dataset_v1.1.csv,0,0
t-XEXfbVUps_e1,They hope to emulate the success of other software companies.,example_sentence,,0,,emulate,t-XEXfbVUps_w,contains_word,word-presence-dataset_v1.1.csv,0,0
t-XEXfbVUps_e2,Fitzgerald is eager to emulate Martin's record of three successive world titles.,example_sentence,,0,,emulate,t-XEXfbVUps_w,contains_word,word-presence-dataset_v1.1.csv,0,0
t-XEXfbVUps_e3,He just wants to emulate his dad.,example_sentence,,0,,emulate,t-XEXfbVUps_w,contains_word,word-presence-dataset_v1.1.csv,0,0
t-XEXfbVUps_e4,Officials are looking to emulate successful ideas from other cities.,example_sentence,,0,,emulate,t-XEXfbVUps_w,contains_word,word-presence-dataset_v1.1.csv,0,0
tz0m5R2Tfeo_e1,Are there any roses in your bouquet?,example_sentence,,0,,bouquet,tz0m5R2Tfeo_w,contains_word,word-presence-dataset_v1.1.csv,0,0
tz0m5R2Tfeo_e2,A large bouquet of roses arrived on her desk.,example_sentence,,0,,bouquet,tz0m5R2Tfeo_w,contains_word,word-presence-dataset_v1.1.csv,0,0
tz0m5R2Tfeo_e3,Her wedding bouquet consisted of roses and ivy.,example_sentence,,0,,bouquet,tz0m5R2Tfeo_w,contains_word,word-presence-dataset_v1.1.csv,0,0
tz0m5R2Tfeo_e4,Chris sent me a lovely bouquet when I was ill.,example_sentence,,0,,bouquet,tz0m5R2Tfeo_w,contains_word,word-presence-dataset_v1.1.csv,0,0
T_Z98eebOH4_e1,Gravity is a natural phenomenon.,example_sentence,,0,,phenomenon,T_Z98eebOH4_w,contains_word,word-presence-dataset_v1.1.csv,0,0
T_Z98eebOH4_e2,A rainbow is a natural phenomenon.,example_sentence,,0,,phenomenon,T_Z98eebOH4_w,contains_word,word-presence-dataset_v1.1.csv,0,0
T_Z98eebOH4_e3,There's evidence to suggest that child abuse is not just a recent phenomenon.,example_sentence,,0,,phenomenon,T_Z98eebOH4_w,contains_word,word-presence-dataset_v1.1.csv,0,0
T_Z98eebOH4_e4,This trend is certainly not a new phenomenon.,example_sentence,,0,,phenomenon,T_Z98eebOH4_w,contains_word,word-presence-dataset_v1.1.csv,0,0
u2-wesZwy0Y_e1,Lots of people have complained about the noise.,example_sentence,,0,,noise,u2-wesZwy0Y_w,contains_word,word-presence-dataset_v1.1.csv,0,0
u4gQJ4QACkk_e1,Nobody believes those people are donating money to the president's party purely out of altruism.,example_sentence,,0,,altruism,u4gQJ4QACkk_w,contains_word,word-presence-dataset_v1.1.csv,0,0
u4gQJ4QACkk_e2,I was torn between altruism and self-interest.,example_sentence,,0,,altruism,u4gQJ4QACkk_w,contains_word,word-presence-dataset_v1.1.csv,0,0
u4gQJ4QACkk_e3,Many choose to work in developing countries out of altruism.,example_sentence,,0,,altruism,u4gQJ4QACkk_w,contains_word,word-presence-dataset_v1.1.csv,0,0
u4gQJ4QACkk_e4,He was actuated almost entirely by altruism.,example_sentence,,0,,altruism,u4gQJ4QACkk_w,contains_word,word-presence-dataset_v1.1.csv,0,0
u4P-ICTxQdU_e1,I think they are afraid that the bears will be ravenous and ready to eat people.,example_sentence,,0,,ravenous,u4P-ICTxQdU_w,contains_word,word-presence-dataset_v1.1.csv,0,0
u780GxfAR7M_e1,He's been cranky all day.,example_sentence,,0,,cranky,u780GxfAR7M_w,contains_word,word-presence-dataset_v1.1.csv,0,0
u780GxfAR7M_e2,The kids were getting tired and a little cranky.,example_sentence,,0,,cranky,u780GxfAR7M_w,contains_word,word-presence-dataset_v1.1.csv,0,0
u780GxfAR7M_e3,. Joseph feels cranky early in the morning.,example_sentence,,0,,cranky,u780GxfAR7M_w,contains_word,word-presence-dataset_v1.1.csv,0,0
u780GxfAR7M_e4,The baby's in a cranky mood today.,example_sentence,,0,,cranky,u780GxfAR7M_w,contains_word,word-presence-dataset_v1.1.csv,0,0
U7QdFuJZyho_e1,Her mother was shocked when she started ANSWERING her BACK and refusing to help.,example_sentence,,0,,answer back,U7QdFuJZyho_w,contains_word,word-presence-dataset_v1.1.csv,0,0
U7QdFuJZyho_e2,She was punished by teachers for answering back.,example_sentence,,0,,answer back,U7QdFuJZyho_w,contains_word,word-presence-dataset_v1.1.csv,0,0
U7QdFuJZyho_e3,I always answered him back when I thought he was wrong.,example_sentence,,0,,answer back,U7QdFuJZyho_w,contains_word,word-presence-dataset_v1.1.csv,0,0
U7QdFuJZyho_e4,I don't like children who answer back.,example_sentence,,0,,answer back,U7QdFuJZyho_w,contains_word,word-presence-dataset_v1.1.csv,0,0
u8OLvh-F9Y4_e1,"Primitive races colonized these islands 2,000 years ago.",example_sentence,,0,,primitive,u8OLvh-F9Y4_w,contains_word,word-presence-dataset_v1.1.csv,0,0
u8OLvh-F9Y4_e2,Conditions at the camp are very primitive.,example_sentence,,0,,primitive,u8OLvh-F9Y4_w,contains_word,word-presence-dataset_v1.1.csv,0,0
u8OLvh-F9Y4_e3,He was an Italian primitive.,example_sentence,,0,,primitive,u8OLvh-F9Y4_w,contains_word,word-presence-dataset_v1.1.csv,0,0
u8OLvh-F9Y4_e4,Early settlers had to cope with very primitive living conditions.,example_sentence,,0,,primitive,u8OLvh-F9Y4_w,contains_word,word-presence-dataset_v1.1.csv,0,0
UA5mAv1SmAY_e1,Plants absorb carbon dioxide.,example_sentence,,0,,absorb,UA5mAv1SmAY_w,contains_word,word-presence-dataset_v1.1.csv,0,0
Ub7UcPJ2hLI_e1,The country has been in a state of anarchy since the inconclusive election.,example_sentence,,0,,anarchy,Ub7UcPJ2hLI_w,contains_word,word-presence-dataset_v1.1.csv,0,0
Ub7UcPJ2hLI_e2,If the pay deal isn't settled amicably there'll be anarchy in the factories.,example_sentence,,0,,anarchy,Ub7UcPJ2hLI_w,contains_word,word-presence-dataset_v1.1.csv,0,0
Ub7UcPJ2hLI_e3,Civil war has led to anarchy.,example_sentence,,0,,anarchy,Ub7UcPJ2hLI_w,contains_word,word-presence-dataset_v1.1.csv,0,0
Ub7UcPJ2hLI_e4,The crowd was restless and verging on anarchy.,example_sentence,,0,,anarchy,Ub7UcPJ2hLI_w,contains_word,word-presence-dataset_v1.1.csv,0,0
U-c1RT4IfL8_e1,He was ashamed to admit to his mistake.,example_sentence,,0,,ashamed,U-c1RT4IfL8_w,contains_word,word-presence-dataset_v1.1.csv,0,0
U-c1RT4IfL8_e2,I felt deeply ashamed for my father's impoliteness.,example_sentence,,0,,ashamed,U-c1RT4IfL8_w,contains_word,word-presence-dataset_v1.1.csv,0,0
U-c1RT4IfL8_e3,I'm ashamed to be seen with you when you behave so badly!,example_sentence,,0,,ashamed,U-c1RT4IfL8_w,contains_word,word-presence-dataset_v1.1.csv,0,0
U-c1RT4IfL8_e4,She was ashamed to ask her brother for money.,example_sentence,,0,,ashamed,U-c1RT4IfL8_w,contains_word,word-presence-dataset_v1.1.csv,0,0
uc7UKq81JdM_e1,An advert for the local radio station,example_sentence,,0,,advert,uc7UKq81JdM_w,contains_word,word-presence-dataset_v1.1.csv,0,0
ucu7LxTJoBk_e1,The product had accurate description on the site.,example_sentence,,0,,accurate,ucu7LxTJoBk_w,contains_word,word-presence-dataset_v1.1.csv,0,0
U-FDYYp3OfI_e1,a television/newspaper advertisement for a new car.,example_sentence,,0,,advertisement,U-FDYYp3OfI_w,contains_word,word-presence-dataset_v1.1.csv,0,0
U-FDYYp3OfI_e2,Please post up this advertisement for our movie in your shop window.,example_sentence,,0,,advertisement,U-FDYYp3OfI_w,contains_word,word-presence-dataset_v1.1.csv,0,0
U-FDYYp3OfI_e3,I saw an advertisement for the job in yesterday's paper.,example_sentence,,0,,advertisement,U-FDYYp3OfI_w,contains_word,word-presence-dataset_v1.1.csv,0,0
U-FDYYp3OfI_e4,Advertisements help us to sell goods.,example_sentence,,0,,advertisement,U-FDYYp3OfI_w,contains_word,word-presence-dataset_v1.1.csv,0,0
U-FDYYp3OfI_e5,"If you want to sell your old sofa, why not put an advertisement in the local newspaper?",example_sentence,,0,,advertisement,U-FDYYp3OfI_w,contains_word,word-presence-dataset_v1.1.csv,0,0
uhg87vE3L0k_e1,"When he was a child, he was quiet and mannerly.",example_sentence,,0,,mannerly,uhg87vE3L0k_w,contains_word,word-presence-dataset_v1.1.csv,0,0
uhg87vE3L0k_e2,Please speak mannerly with the eldership.,example_sentence,,0,,mannerly,uhg87vE3L0k_w,contains_word,word-presence-dataset_v1.1.csv,0,0
uhg87vE3L0k_e3,"3.He looks handsome. But still, he is mannerly as usual.",example_sentence,,0,,mannerly,uhg87vE3L0k_w,contains_word,word-presence-dataset_v1.1.csv,0,0
uhg87vE3L0k_e4,4.The child was scolded By his grandmother for not Being more mannerly.,example_sentence,,0,,mannerly,uhg87vE3L0k_w,contains_word,word-presence-dataset_v1.1.csv,0,0
UjoktF-iB80_e1,"The orchestra played ""Sleigh Ride"", and if you hate that you are a Grinch.",example_sentence,,0,,grinch,UjoktF-iB80_w,contains_word,word-presence-dataset_v1.1.csv,0,0
UjoktF-iB80_e2,Ah you can see I am bursting with the joys of Christmas. Bah humbug. I am the grinch.,example_sentence,,0,,grinch,UjoktF-iB80_w,contains_word,word-presence-dataset_v1.1.csv,0,0
UjoktF-iB80_e3,I am not a grinch contrary to what some people will tell you.,example_sentence,,0,,grinch,UjoktF-iB80_w,contains_word,word-presence-dataset_v1.1.csv,0,0
UjoktF-iB80_e4,I do believe my inner grinch is settling in about a week early this year.,example_sentence,,0,,grinch,UjoktF-iB80_w,contains_word,word-presence-dataset_v1.1.csv,0,0
uKIi5p4ozh8_e1,The museum was broken into last night and several paintings were slashed.,example_sentence,,0,,slash,uKIi5p4ozh8_w,contains_word,word-presence-dataset_v1.1.csv,0,0
uKIi5p4ozh8_e2,She tried to commit suicide by slashing her wrists.,example_sentence,,0,,slash,uKIi5p4ozh8_w,contains_word,word-presence-dataset_v1.1.csv,0,0
uKIi5p4ozh8_e3,We had to slash (our way) through the long grass to clear a path.,example_sentence,,0,,slash,uKIi5p4ozh8_w,contains_word,word-presence-dataset_v1.1.csv,0,0
uKIi5p4ozh8_e4,The gangster pulled a knife on me and tried to slash my face.,example_sentence,,0,,slash,uKIi5p4ozh8_w,contains_word,word-presence-dataset_v1.1.csv,0,0
Ul_l1OSDl7o_e1,"The house has a small backyard, enclosed by a high brick wall.",example_sentence,,0,,enclose,Ul_l1OSDl7o_w,contains_word,word-presence-dataset_v1.1.csv,0,0
Ul_l1OSDl7o_e2,It's the largest fully-enclosed shopping center in the world.,example_sentence,,0,,enclose,Ul_l1OSDl7o_w,contains_word,word-presence-dataset_v1.1.csv,0,0
UPof0XUr0kU_e1,I'm learning how to budget.,example_sentence,,0,,budget,UPof0XUr0kU_w,contains_word,word-presence-dataset_v1.1.csv,0,0
UPof0XUr0kU_e2,The office of management of budget.,example_sentence,,0,,budget,UPof0XUr0kU_w,contains_word,word-presence-dataset_v1.1.csv,0,0
UPof0XUr0kU_e3,Budget is the most important thing.,example_sentence,,0,,budget,UPof0XUr0kU_w,contains_word,word-presence-dataset_v1.1.csv,0,0
UPof0XUr0kU_e4,She managed to complete her last film well within budget.,example_sentence,,0,,budget,UPof0XUr0kU_w,contains_word,word-presence-dataset_v1.1.csv,0,0
UqCIjGRqdGE_e1,1.No smoking is company policy.,example_sentence,,0,,policy,UqCIjGRqdGE_w,contains_word,word-presence-dataset_v1.1.csv,0,0
UqCIjGRqdGE_e2,The White House said there will be no change in policy.,example_sentence,,0,,policy,UqCIjGRqdGE_w,contains_word,word-presence-dataset_v1.1.csv,0,0
UqCIjGRqdGE_e3,The company policy is that most workers should retire at 60.,example_sentence,,0,,policy,UqCIjGRqdGE_w,contains_word,word-presence-dataset_v1.1.csv,0,0
UqCIjGRqdGE_e4,The school has an enlightened policy of teaching boys to cook.,example_sentence,,0,,policy,UqCIjGRqdGE_w,contains_word,word-presence-dataset_v1.1.csv,0,0
urUO3XFOGFQ_e1,I'm looking for a job which will enable me to develop my skills.,example_sentence,,0,,enable,urUO3XFOGFQ_w,contains_word,word-presence-dataset_v1.1.csv,0,0
uS53DpO-l3k_e1,She cheered up when she heard the good news.,example_sentence,,0,,cheer up,uS53DpO-l3k_w,contains_word,word-presence-dataset_v1.1.csv,0,0
uS53DpO-l3k_e2,2.She was sick so I sent her some flowers to cheer her up.,example_sentence,,0,,cheer up,uS53DpO-l3k_w,contains_word,word-presence-dataset_v1.1.csv,0,0
uS53DpO-l3k_e3,She went shopping to cheer herself up.,example_sentence,,0,,cheer up,uS53DpO-l3k_w,contains_word,word-presence-dataset_v1.1.csv,0,0
uS53DpO-l3k_e4,Cheer up! The worst is over.,example_sentence,,0,,cheer up,uS53DpO-l3k_w,contains_word,word-presence-dataset_v1.1.csv,0,0
uVSqiNJCpLc_e1,He's been nominated by the Congress Party as their candidate in the next election.,example_sentence,,0,,nominate,uVSqiNJCpLc_w,contains_word,word-presence-dataset_v1.1.csv,0,0
UW-QMm1pIsg_e1,Teachers aim to help children become autonomous learners.,example_sentence,,0,,autonomous,UW-QMm1pIsg_w,contains_word,word-presence-dataset_v1.1.csv,0,0
UW-QMm1pIsg_e2,Galicia is an autonomous region of Spain.,example_sentence,,0,,autonomous,UW-QMm1pIsg_w,contains_word,word-presence-dataset_v1.1.csv,0,0
UW-QMm1pIsg_e3,Higher education is relatively autonomous from the state.,example_sentence,,0,,autonomous,UW-QMm1pIsg_w,contains_word,word-presence-dataset_v1.1.csv,0,0
UW-QMm1pIsg_e4,Each of the U.S. states has an autonomous government.,example_sentence,,0,,autonomous,UW-QMm1pIsg_w,contains_word,word-presence-dataset_v1.1.csv,0,0
V3NiqtfUBm4_e1,Act two begins with a short dialogue between father and son.,example_sentence,,0,,dialogue,V3NiqtfUBm4_w,contains_word,word-presence-dataset_v1.1.csv,0,0
V3NiqtfUBm4_e2,The dialogue was worked out by actors in rehearsal.,example_sentence,,0,,dialogue,V3NiqtfUBm4_w,contains_word,word-presence-dataset_v1.1.csv,0,0
V3NiqtfUBm4_e3,There needs to be a closer dialogue between management and staff.,example_sentence,,0,,dialogue,V3NiqtfUBm4_w,contains_word,word-presence-dataset_v1.1.csv,0,0
V3NiqtfUBm4_e4,He writes the sort of dialogue that makes great theatre.,example_sentence,,0,,dialogue,V3NiqtfUBm4_w,contains_word,word-presence-dataset_v1.1.csv,0,0
V7Dzze8q88I_e1,Both groups are wholeheartedly in favour of the changes.,example_sentence,,0,,wholeheartedly,V7Dzze8q88I_w,contains_word,word-presence-dataset_v1.1.csv,0,0
V7Dzze8q88I_e2,I hear what you say and I wholeheartedly agree.,example_sentence,,0,,wholeheartedly,V7Dzze8q88I_w,contains_word,word-presence-dataset_v1.1.csv,0,0
V7Dzze8q88I_e3,She threw herself wholeheartedly into her work.,example_sentence,,0,,wholeheartedly,V7Dzze8q88I_w,contains_word,word-presence-dataset_v1.1.csv,0,0
V7Dzze8q88I_e4,That's exactly right. I agree wholeheartedly with you.,example_sentence,,0,,wholeheartedly,V7Dzze8q88I_w,contains_word,word-presence-dataset_v1.1.csv,0,0
vA8-Sv3474g_e1,I admired him for his determination.,example_sentence,,0,,admire,vA8-Sv3474g_w,contains_word,word-presence-dataset_v1.1.csv,0,0
vA8-Sv3474g_e2,You have to admire the artistry of her novels,example_sentence,,0,,admire,vA8-Sv3474g_w,contains_word,word-presence-dataset_v1.1.csv,0,0
vA8-Sv3474g_e3,I really admire people who can work in such difficult conditions.,example_sentence,,0,,admire,vA8-Sv3474g_w,contains_word,word-presence-dataset_v1.1.csv,0,0
vA8-Sv3474g_e4,They admire you for what you have accomplished.,example_sentence,,0,,admire,vA8-Sv3474g_w,contains_word,word-presence-dataset_v1.1.csv,0,0
VaRDpQOuvJM_e1,an avid football fan,example_sentence,,0,,avid,VaRDpQOuvJM_w,contains_word,word-presence-dataset_v1.1.csv,0,0
VbCPk-6TqXc_e1,The article was based on pure supposition.,example_sentence,,0,,supposition,VbCPk-6TqXc_w,contains_word,word-presence-dataset_v1.1.csv,0,0
VbCPk-6TqXc_e2,The police are working on the supposition that he was murdered.,example_sentence,,0,,supposition,VbCPk-6TqXc_w,contains_word,word-presence-dataset_v1.1.csv,0,0
VbCPk-6TqXc_e3,"Since I know my husband very well, I do not believe the detective's supposition about his secret life.",example_sentence,,0,,supposition,VbCPk-6TqXc_w,contains_word,word-presence-dataset_v1.1.csv,0,0
VbCPk-6TqXc_e4,The police are acting on the supposition that she took the money.,example_sentence,,0,,supposition,VbCPk-6TqXc_w,contains_word,word-presence-dataset_v1.1.csv,0,0
VBPM3PMRzO4_e1,I utterly repudiate those remarks.,example_sentence,,0,,repudiate,VBPM3PMRzO4_w,contains_word,word-presence-dataset_v1.1.csv,0,0
veDy2PmkmFU_e1,"The course has four main componentsbusiness law, finance, computing and management skills.",example_sentence,,0,,component,veDy2PmkmFU_w,contains_word,word-presence-dataset_v1.1.csv,0,0
VFVKBO9I0TA_e1,She had to alter her clothes after losing weight.,example_sentence,,0,,alter,VFVKBO9I0TA_w,contains_word,word-presence-dataset_v1.1.csv,0,0
VFVKBO9I0TA_e2,We've had to alter some of our plans.,example_sentence,,0,,alter,VFVKBO9I0TA_w,contains_word,word-presence-dataset_v1.1.csv,0,0
VFVKBO9I0TA_e3,I took the coat back to the shop to have it altered.,example_sentence,,0,,alter,VFVKBO9I0TA_w,contains_word,word-presence-dataset_v1.1.csv,0,0
VFVKBO9I0TA_e4,She is trying to alter the coat.,example_sentence,,0,,alter,VFVKBO9I0TA_w,contains_word,word-presence-dataset_v1.1.csv,0,0
VFYKgoGhbVc_e1,If you're not used to exercise your joints may ache the next day.,example_sentence,,0,,ache,VFYKgoGhbVc_w,contains_word,word-presence-dataset_v1.1.csv,0,0
vG5O-N2If4U_e1,"I knew a lot about the subject already, but her talk was interesting nevertheless.",example_sentence,,0,,nevertheless,vG5O-N2If4U_w,contains_word,word-presence-dataset_v1.1.csv,0,0
vhi1ETHILvY_e1,The town is a residential suburb.,example_sentence,,0,,residential,vhi1ETHILvY_w,contains_word,word-presence-dataset_v1.1.csv,0,0
vhi1ETHILvY_e2,I often go on residential summer courses.,example_sentence,,0,,residential,vhi1ETHILvY_w,contains_word,word-presence-dataset_v1.1.csv,0,0
vhi1ETHILvY_e3,They should be in residential care but there are no places available.,example_sentence,,0,,residential,vhi1ETHILvY_w,contains_word,word-presence-dataset_v1.1.csv,0,0
vhi1ETHILvY_e4,Training involves a two-year residential course.,example_sentence,,0,,residential,vhi1ETHILvY_w,contains_word,word-presence-dataset_v1.1.csv,0,0
vi-htncM10c_e1,Some of her cognitive functions have been impaired.,example_sentence,,0,,cognitive,vi-htncM10c_w,contains_word,word-presence-dataset_v1.1.csv,0,0
vi-htncM10c_e2,"It brings together occupational, social, clinical and cognitive psychologists.",example_sentence,,0,,cognitive,vi-htncM10c_w,contains_word,word-presence-dataset_v1.1.csv,0,0
vi-htncM10c_e3,We cannot possibly have any cognition of how such an act is possible.,example_sentence,,0,,cognitive,vi-htncM10c_w,contains_word,word-presence-dataset_v1.1.csv,0,0
vi-htncM10c_e4,"As children grow older, their cognitive processes become sharper.",example_sentence,,0,,cognitive,vi-htncM10c_w,contains_word,word-presence-dataset_v1.1.csv,0,0
vJ6-7yqLuL4_e1,"The sign on the wall said ""Please refrain from smoking.",example_sentence,,0,,refrain,vJ6-7yqLuL4_w,contains_word,word-presence-dataset_v1.1.csv,0,0
vjK0h7XGewE_e1,We must make an immediate response.,example_sentence,,0,,immediate,vjK0h7XGewE_w,contains_word,word-presence-dataset_v1.1.csv,0,0
vjK0h7XGewE_e2,I can't give you an immediate answer.,example_sentence,,0,,immediate,vjK0h7XGewE_w,contains_word,word-presence-dataset_v1.1.csv,0,0
vjK0h7XGewE_e3,Please give me an immediate reply.,example_sentence,,0,,immediate,vjK0h7XGewE_w,contains_word,word-presence-dataset_v1.1.csv,0,0
vjK0h7XGewE_e4,The injection brought him immediate ease.,example_sentence,,0,,immediate,vjK0h7XGewE_w,contains_word,word-presence-dataset_v1.1.csv,0,0
vjK0h7XGewE_e5,"About the problem, we must take immediate actions.",example_sentence,,0,,immediate,vjK0h7XGewE_w,contains_word,word-presence-dataset_v1.1.csv,0,0
vK4PBDsRZ1E_e1,"As the boat picked up speed, the coastline receded into the distance until finally it became invisible.",example_sentence,,0,,recede,vK4PBDsRZ1E_w,contains_word,word-presence-dataset_v1.1.csv,0,0
vK4PBDsRZ1E_e2,As she receded he waved goodbye.,example_sentence,,0,,recede,vK4PBDsRZ1E_w,contains_word,word-presence-dataset_v1.1.csv,0,0
vK4PBDsRZ1E_e3,McLaughlin expects to go home again when the flood waters recede.,example_sentence,,0,,recede,vK4PBDsRZ1E_w,contains_word,word-presence-dataset_v1.1.csv,0,0
vK4PBDsRZ1E_e4,Luke's footsteps receded into the night.,example_sentence,,0,,recede,vK4PBDsRZ1E_w,contains_word,word-presence-dataset_v1.1.csv,0,0
vlRgT4SgD_s_e1,His reply to my question was somewhat ambiguous.,example_sentence,,0,,ambiguous,vlRgT4SgD_s_w,contains_word,word-presence-dataset_v1.1.csv,0,0
vlRgT4SgD_s_e2,The wording of the agreement is ambiguous.,example_sentence,,0,,ambiguous,vlRgT4SgD_s_w,contains_word,word-presence-dataset_v1.1.csv,0,0
vlRgT4SgD_s_e3,The government has been ambiguous on this issue.,example_sentence,,0,,ambiguous,vlRgT4SgD_s_w,contains_word,word-presence-dataset_v1.1.csv,0,0
vlRgT4SgD_s_e4,His attitude to environmental issues was sometimes quite ambiguous,example_sentence,,0,,ambiguous,vlRgT4SgD_s_w,contains_word,word-presence-dataset_v1.1.csv,0,0
Vn-G3CrUtrg_e1,He deemed that it was his duty to help.,example_sentence,,0,,deem,Vn-G3CrUtrg_w,contains_word,word-presence-dataset_v1.1.csv,0,0
vnOTLize640_e1,I have to say that last question flummoxed me.,example_sentence,,0,,flummox,vnOTLize640_w,contains_word,word-presence-dataset_v1.1.csv,0,0
vnOTLize640_e2,"We are flummoxed as to what is meant by ""selling by retail trade"".",example_sentence,,0,,flummox,vnOTLize640_w,contains_word,word-presence-dataset_v1.1.csv,0,0
vnOTLize640_e3,The two leaders were flummoxed by the suggestion.,example_sentence,,0,,flummox,vnOTLize640_w,contains_word,word-presence-dataset_v1.1.csv,0,0
vnOTLize640_e4,I was flummoxed by her question.,example_sentence,,0,,flummox,vnOTLize640_w,contains_word,word-presence-dataset_v1.1.csv,0,0
VnU7dyXgsAo_e1,I could sense his frustration at not being able to help.,example_sentence,,0,,frustration,VnU7dyXgsAo_w,contains_word,word-presence-dataset_v1.1.csv,0,0
VnU7dyXgsAo_e2,Please don't shout - there's no need to vent your frustration on me.,example_sentence,,0,,frustration,VnU7dyXgsAo_w,contains_word,word-presence-dataset_v1.1.csv,0,0
VnU7dyXgsAo_e3,Try not to let your frustration spoil the event.,example_sentence,,0,,frustration,VnU7dyXgsAo_w,contains_word,word-presence-dataset_v1.1.csv,0,0
VnU7dyXgsAo_e4,He beat his hands on the steering wheel in frustration.,example_sentence,,0,,frustration,VnU7dyXgsAo_w,contains_word,word-presence-dataset_v1.1.csv,0,0
Vov3R-v7roU_e1,He believes that organizational effectiveness is enhanced by fair and ethical management.,example_sentence,,0,,enhance,Vov3R-v7roU_w,contains_word,word-presence-dataset_v1.1.csv,0,0
vqIpNYvChdM_e1,I searched the pub for an unreserved table.,example_sentence,,0,,unreserved,vqIpNYvChdM_w,contains_word,word-presence-dataset_v1.1.csv,0,0
vqZXHlFxLmA_e1,I cringed at the sight of my dad dancing.,example_sentence,,0,,cringe,vqZXHlFxLmA_w,contains_word,word-presence-dataset_v1.1.csv,0,0
vqZXHlFxLmA_e2,I cringed when I realized what I'd said.,example_sentence,,0,,cringe,vqZXHlFxLmA_w,contains_word,word-presence-dataset_v1.1.csv,0,0
vqZXHlFxLmA_e3,It makes me cringe when I think how stupid I was.,example_sentence,,0,,cringe,vqZXHlFxLmA_w,contains_word,word-presence-dataset_v1.1.csv,0,0
vqZXHlFxLmA_e4,She felt herself cringe with embarrassment at the memory.,example_sentence,,0,,cringe,vqZXHlFxLmA_w,contains_word,word-presence-dataset_v1.1.csv,0,0
vW6TvgmaRCQ_e1,She acknowledged having been at fault.,example_sentence,,0,,acknowledge,vW6TvgmaRCQ_w,contains_word,word-presence-dataset_v1.1.csv,0,0
vWRDJTCpXa4_e1,He is suing for defamation of character.,example_sentence,,0,,defamation,vWRDJTCpXa4_w,contains_word,word-presence-dataset_v1.1.csv,0,0
vWRDJTCpXa4_e2,His lawyers filed four civil defamation cases against the company.,example_sentence,,0,,defamation,vWRDJTCpXa4_w,contains_word,word-presence-dataset_v1.1.csv,0,0
vWRDJTCpXa4_e3,Three journalists were charged with criminal defamation.,example_sentence,,0,,defamation,vWRDJTCpXa4_w,contains_word,word-presence-dataset_v1.1.csv,0,0
vWRDJTCpXa4_e4,The newspaper was sued for defamation after publishing lies about a celebrity.,example_sentence,,0,,defamation,vWRDJTCpXa4_w,contains_word,word-presence-dataset_v1.1.csv,0,0
W0LkToF-EPw_e1,Huge volumes of fake designer brands have swamped the EU market.,example_sentence,,0,,swamp,W0LkToF-EPw_w,contains_word,word-presence-dataset_v1.1.csv,0,0
W1aowPLRU_U_e1,Her behaviour is often appealing.,example_sentence,,0,,behaviour,W1aowPLRU_U_w,contains_word,word-presence-dataset_v1.1.csv,0,0
W1aowPLRU_U_e2,He was notorious for his violent and threatening behaviour.,example_sentence,,0,,behaviour,W1aowPLRU_U_w,contains_word,word-presence-dataset_v1.1.csv,0,0
W1aowPLRU_U_e3,Make sure that good behaviour is rewarded.,example_sentence,,0,,behaviour,W1aowPLRU_U_w,contains_word,word-presence-dataset_v1.1.csv,0,0
W1aowPLRU_U_e4,Your bad behavior brings shame on the whole school.,example_sentence,,0,,behaviour,W1aowPLRU_U_w,contains_word,word-presence-dataset_v1.1.csv,0,0
-W3Sefpg9l4_e1,I hardly think jeans are appropriate attire for a wedding.,example_sentence,,0,,attire,-W3Sefpg9l4_w,contains_word,word-presence-dataset_v1.1.csv,0,0
-W3Sefpg9l4_e2,Her attention was attracted by his peculiar attire.,example_sentence,,0,,attire,-W3Sefpg9l4_w,contains_word,word-presence-dataset_v1.1.csv,0,0
-W3Sefpg9l4_e3,Guests are requested to wear formal attire.,example_sentence,,0,,attire,-W3Sefpg9l4_w,contains_word,word-presence-dataset_v1.1.csv,0,0
-W3Sefpg9l4_e4,All the waiters were dressed in nautical attire.,example_sentence,,0,,attire,-W3Sefpg9l4_w,contains_word,word-presence-dataset_v1.1.csv,0,0
W4qJmEBZr8c_e1,He was wearing an earring in his left ear.,example_sentence,,0,,earring,W4qJmEBZr8c_w,contains_word,word-presence-dataset_v1.1.csv,0,0
WA9EuH-2ejw_e1,We have to strive for more longevity.,example_sentence,,0,,strive,WA9EuH-2ejw_w,contains_word,word-presence-dataset_v1.1.csv,0,0
WA9EuH-2ejw_e2,We strive to ensure that all children are treated equally.,example_sentence,,0,,strive,WA9EuH-2ejw_w,contains_word,word-presence-dataset_v1.1.csv,0,0
WA9EuH-2ejw_e3,We strive for perfection but sometimes have to accept something less.,example_sentence,,0,,strive,WA9EuH-2ejw_w,contains_word,word-presence-dataset_v1.1.csv,0,0
WA9EuH-2ejw_e4,We are constantly striving to improve our service.,example_sentence,,0,,strive,WA9EuH-2ejw_w,contains_word,word-presence-dataset_v1.1.csv,0,0
WabgM-SmPzU_e1,There are three candidates standing in the election.,example_sentence,,0,,candidate,WabgM-SmPzU_w,contains_word,word-presence-dataset_v1.1.csv,0,0
WabgM-SmPzU_e2,How many candidates are there for the job?,example_sentence,,0,,candidate,WabgM-SmPzU_w,contains_word,word-presence-dataset_v1.1.csv,0,0
WabgM-SmPzU_e3,She's the best candidate for the job.,example_sentence,,0,,candidate,WabgM-SmPzU_w,contains_word,word-presence-dataset_v1.1.csv,0,0
WAzBIGcdzSY_e1,She was concentrating on her book and his voice startled her.,example_sentence,,0,,startle,WAzBIGcdzSY_w,contains_word,word-presence-dataset_v1.1.csv,0,0
WAzBIGcdzSY_e2,The noise of the car startled the birds and the whole flock flew up into the air.,example_sentence,,0,,startle,WAzBIGcdzSY_w,contains_word,word-presence-dataset_v1.1.csv,0,0
WAzBIGcdzSY_e3,Her article on diet startled many people into changing their eating habits.,example_sentence,,0,,startle,WAzBIGcdzSY_w,contains_word,word-presence-dataset_v1.1.csv,0,0
WAzBIGcdzSY_e4,She startled him when she said hello.,example_sentence,,0,,startle,WAzBIGcdzSY_w,contains_word,word-presence-dataset_v1.1.csv,0,0
WerZ1Hp6IDA_e1,They called off this afternoon's meeting,example_sentence,,0,,call off,WerZ1Hp6IDA_w,contains_word,word-presence-dataset_v1.1.csv,0,0
WerZ1Hp6IDA_e2,She's called off the wedding.,example_sentence,,0,,call off,WerZ1Hp6IDA_w,contains_word,word-presence-dataset_v1.1.csv,0,0
WerZ1Hp6IDA_e3,"If we have much more rain, the game might be called off.",example_sentence,,0,,call off,WerZ1Hp6IDA_w,contains_word,word-presence-dataset_v1.1.csv,0,0
WerZ1Hp6IDA_e4,"Since the weather is bad, let's call off the trip.",example_sentence,,0,,call off,WerZ1Hp6IDA_w,contains_word,word-presence-dataset_v1.1.csv,0,0
wffsOMue21o_e1,a very lucky event that is surprising and unexpected.,example_sentence,,0,,miracle,wffsOMue21o_w,contains_word,word-presence-dataset_v1.1.csv,0,0
wgBGl8jJQZQ_e1,The police are keeping the suspect under observation.,example_sentence,,0,,observation,wgBGl8jJQZQ_w,contains_word,word-presence-dataset_v1.1.csv,0,0
wgBGl8jJQZQ_e2,She was admitted to hospital for observation (= so that doctors could watch her and see if anything was wrong with her).,example_sentence,,0,,observation,wgBGl8jJQZQ_w,contains_word,word-presence-dataset_v1.1.csv,0,0
wgBGl8jJQZQ_e3,They kept her in overnight for observation.,example_sentence,,0,,observation,wgBGl8jJQZQ_w,contains_word,word-presence-dataset_v1.1.csv,0,0
wgBGl8jJQZQ_e4,Close observation of animal behaviour.,example_sentence,,0,,observation,wgBGl8jJQZQ_w,contains_word,word-presence-dataset_v1.1.csv,0,0
wIZfRACbuPo_e1,The funeral will be held next Friday.,example_sentence,,0,,funeral,wIZfRACbuPo_w,contains_word,word-presence-dataset_v1.1.csv,0,0
wIZfRACbuPo_e2,Over 300 mourners attended the funeral.,example_sentence,,0,,funeral,wIZfRACbuPo_w,contains_word,word-presence-dataset_v1.1.csv,0,0
wIZfRACbuPo_e3,"In many countries, it is a convention to wear black at funerals.",example_sentence,,0,,funeral,wIZfRACbuPo_w,contains_word,word-presence-dataset_v1.1.csv,0,0
wIZfRACbuPo_e4,a funeral procession,example_sentence,,0,,funeral,wIZfRACbuPo_w,contains_word,word-presence-dataset_v1.1.csv,0,0
WkIcB2CD204_e1,She does aerobics.,example_sentence,,0,,aerobics,WkIcB2CD204_w,contains_word,word-presence-dataset_v1.1.csv,0,0
wlREzbqyvA8_e1,She comported herself with great dignity at her husband's funeral.,example_sentence,,0,,dignity,wlREzbqyvA8_w,contains_word,word-presence-dataset_v1.1.csv,0,0
wlREzbqyvA8_e2,He managed to retain his dignity throughout the performance.,example_sentence,,0,,dignity,wlREzbqyvA8_w,contains_word,word-presence-dataset_v1.1.csv,0,0
wlREzbqyvA8_e3,He felt what he was being asked to do took away his dignity and self-respect.,example_sentence,,0,,dignity,wlREzbqyvA8_w,contains_word,word-presence-dataset_v1.1.csv,0,0
wlREzbqyvA8_e4,He longs for a society in which the dignity of all people is recognized.,example_sentence,,0,,dignity,wlREzbqyvA8_w,contains_word,word-presence-dataset_v1.1.csv,0,0
wNX5EJHUES0_e1,They gave us such an effusive welcome it was quite embarrassing.,example_sentence,,0,,effusive,wNX5EJHUES0_w,contains_word,word-presence-dataset_v1.1.csv,0,0
wNZIAo8zLP0_e1,I attached a photo to my application form.,example_sentence,,0,,attach,wNZIAo8zLP0_w,contains_word,word-presence-dataset_v1.1.csv,0,0
wNZIAo8zLP0_e2,Use this cable to attach the printer to the computer.,example_sentence,,0,,attach,wNZIAo8zLP0_w,contains_word,word-presence-dataset_v1.1.csv,0,0
wNZIAo8zLP0_e3,I forgot to attach a stamp to the envelope.,example_sentence,,0,,attach,wNZIAo8zLP0_w,contains_word,word-presence-dataset_v1.1.csv,0,0
wNZIAo8zLP0_e4,Attach labels to all the bags.,example_sentence,,0,,attach,wNZIAo8zLP0_w,contains_word,word-presence-dataset_v1.1.csv,0,0
WOBBWh9xyBM_e1,It was a very knotty problem.,example_sentence,,0,,knotty,WOBBWh9xyBM_w,contains_word,word-presence-dataset_v1.1.csv,0,0
wOiOzVPmwiQ_e1,the hotel has won numerous accolades,example_sentence,,0,,accolade,wOiOzVPmwiQ_w,contains_word,word-presence-dataset_v1.1.csv,0,0
wOz6mUwMyeY_e1,The whole country had tried to efface the memory of the old dictatorship.,example_sentence,,0,,efface,wOz6mUwMyeY_w,contains_word,word-presence-dataset_v1.1.csv,0,0
wrKYlMGgRRQ_e1,congenial company/surroundings,example_sentence,,0,,congenial,wrKYlMGgRRQ_w,contains_word,word-presence-dataset_v1.1.csv,0,0
wrKYlMGgRRQ_e2,We spent a relaxed evening with congenial friends.,example_sentence,,0,,congenial,wrKYlMGgRRQ_w,contains_word,word-presence-dataset_v1.1.csv,0,0
wrKYlMGgRRQ_e3,Frank was a very congenial colleague.,example_sentence,,0,,congenial,wrKYlMGgRRQ_w,contains_word,word-presence-dataset_v1.1.csv,0,0
wrKYlMGgRRQ_e4,He is back in more congenial company.,example_sentence,,0,,congenial,wrKYlMGgRRQ_w,contains_word,word-presence-dataset_v1.1.csv,0,0
wSC4sek05uo_e1,Mr. Anil has outspoken about government.,example_sentence,,0,,outspoken,wSC4sek05uo_w,contains_word,word-presence-dataset_v1.1.csv,0,0
WX4SAl0w4fA_e1,He was so embarrassed - his face went brick-red .,example_sentence,,0,,embarrassed,WX4SAl0w4fA_w,contains_word,word-presence-dataset_v1.1.csv,0,0
WX4SAl0w4fA_e2,"They wolf-whistled at me, and I was so embarrassed I tripped up.",example_sentence,,0,,embarrassed,WX4SAl0w4fA_w,contains_word,word-presence-dataset_v1.1.csv,0,0
WX4SAl0w4fA_e3,He was embarrassed by many debts.,example_sentence,,0,,embarrassed,WX4SAl0w4fA_w,contains_word,word-presence-dataset_v1.1.csv,0,0
WX4SAl0w4fA_e4,She looked a little embarrassed.,example_sentence,,0,,embarrassed,WX4SAl0w4fA_w,contains_word,word-presence-dataset_v1.1.csv,0,0
w_xCnJVyPYA_e1,Don't punish a child who wets the bed.,example_sentence,,0,,punish,w_xCnJVyPYA_w,contains_word,word-presence-dataset_v1.1.csv,0,0
w_xCnJVyPYA_e2,She was punished for smoking on school premises.,example_sentence,,0,,punish,w_xCnJVyPYA_w,contains_word,word-presence-dataset_v1.1.csv,0,0
w_xCnJVyPYA_e3,She was punished for being late to school.,example_sentence,,0,,punish,w_xCnJVyPYA_w,contains_word,word-presence-dataset_v1.1.csv,0,0
w_xCnJVyPYA_e4,He punished the class by giving them extra work.,example_sentence,,0,,punish,w_xCnJVyPYA_w,contains_word,word-presence-dataset_v1.1.csv,0,0
wZ8tqkmf1kQ_e1,There's a possibility of my flight being delayed.,example_sentence,,0,,possibility,wZ8tqkmf1kQ_w,contains_word,word-presence-dataset_v1.1.csv,0,0
X2H5laZ8PFo_e1,"They cheated me, but I feel no rancour against them.",example_sentence,,0,,rancour,X2H5laZ8PFo_w,contains_word,word-presence-dataset_v1.1.csv,0,0
X5Fy2cQbje4_e1,She had some exciting adventures in Egypt.,example_sentence,,0,,adventure,X5Fy2cQbje4_w,contains_word,word-presence-dataset_v1.1.csv,0,0
X7W6YeT2JZk_e1,The priest sanctified the church with a special ceremony.,example_sentence,,0,,sanctify,X7W6YeT2JZk_w,contains_word,word-presence-dataset_v1.1.csv,0,0
Xfo1PMZRuQM_e1,Her parents always regarded her as the smartest of their children.,example_sentence,,0,,regard,Xfo1PMZRuQM_w,contains_word,word-presence-dataset_v1.1.csv,0,0
xGBTymkkD5w_e1,My arm was very tender after the injection.,example_sentence,,0,,tender,xGBTymkkD5w_w,contains_word,word-presence-dataset_v1.1.csv,0,0
xhDEUCqqW9s_e1,Shops were lowering prices to attract more customers.,example_sentence,,0,,customer,xhDEUCqqW9s_w,contains_word,word-presence-dataset_v1.1.csv,0,0
XNGLow435p8_e1,Many people recoil with horror when they see a big spider like this.,example_sentence,,0,,recoil,XNGLow435p8_w,contains_word,word-presence-dataset_v1.1.csv,0,0
xnrRwCGEhDY_e1,Reports are coming in via satellite.,example_sentence,,0,,via - 2,xnrRwCGEhDY_w,contains_word,word-presence-dataset_v1.1.csv,0,0
xPfNGGJqSaA_e1,It is sometimes difficult to reconcile science and religion.,example_sentence,,0,,reconcile,xPfNGGJqSaA_w,contains_word,word-presence-dataset_v1.1.csv,0,0
xsnL27VAyOI_e1,They decorated the wedding car with ribbons and flowers.,example_sentence,,0,,decorate,xsnL27VAyOI_w,contains_word,word-presence-dataset_v1.1.csv,0,0
xsnL27VAyOI_e2,My mother likes to decorate rooms.,example_sentence,,0,,decorate,xsnL27VAyOI_w,contains_word,word-presence-dataset_v1.1.csv,0,0
XYAkPuNj0Q8_e1,A bike's a very convenient way of getting around.,example_sentence,,0,,convenient,XYAkPuNj0Q8_w,contains_word,word-presence-dataset_v1.1.csv,0,0
XYAkPuNj0Q8_e2,It's very convenient that you live near the office.,example_sentence,,0,,convenient,XYAkPuNj0Q8_w,contains_word,word-presence-dataset_v1.1.csv,0,0
Y30FYoIqv30_e1,A group of suntanned children were frolicking on the beach.,example_sentence,,0,,frolic,Y30FYoIqv30_w,contains_word,word-presence-dataset_v1.1.csv,0,0
y3r4z0Pl-Fs_e1,a fetching off-the-shoulder dress,example_sentence,,0,,fetching,y3r4z0Pl-Fs_w,contains_word,word-presence-dataset_v1.1.csv,0,0
y3r4z0Pl-Fs_e2,You look very fetching in your green shorts.,example_sentence,,0,,fetching,y3r4z0Pl-Fs_w,contains_word,word-presence-dataset_v1.1.csv,0,0
y3r4z0Pl-Fs_e3,A new interstate just to the west has made the town more fetching.,example_sentence,,0,,fetching,y3r4z0Pl-Fs_w,contains_word,word-presence-dataset_v1.1.csv,0,0
y3r4z0Pl-Fs_e4,a fetching jacket/smile/hairstyle,example_sentence,,0,,fetching,y3r4z0Pl-Fs_w,contains_word,word-presence-dataset_v1.1.csv,0,0
y6GXb6WSuCU_e1,People in Italy are more tolerant of children in public places than in Britain.,example_sentence,,0,,tolerant,y6GXb6WSuCU_w,contains_word,word-presence-dataset_v1.1.csv,0,0
Y92FGx2FIMM_e1,The law made racial discrimination in employment a serious crime.,example_sentence,,0,,discrimination,Y92FGx2FIMM_w,contains_word,word-presence-dataset_v1.1.csv,0,0
YaFdfkMozE4_e1,My nephew came down with chicken pox this weekend.,example_sentence,,0,,come down with,YaFdfkMozE4_w,contains_word,word-presence-dataset_v1.1.csv,0,0
YaFdfkMozE4_e2,I came down with influenza.,example_sentence,,0,,come down with,YaFdfkMozE4_w,contains_word,word-presence-dataset_v1.1.csv,0,0
YaFdfkMozE4_e3,I think I may be coming down with a cold.,example_sentence,,0,,come down with,YaFdfkMozE4_w,contains_word,word-presence-dataset_v1.1.csv,0,0
YaFdfkMozE4_e4,"The Joshi's have all come down with the flu, so none of them will be able to attend your wedding.",example_sentence,,0,,come down with,YaFdfkMozE4_w,contains_word,word-presence-dataset_v1.1.csv,0,0
YAw1Dsv2_Jo_e1,What you did was a grave dereliction of duty.,example_sentence,,0,,dereliction,YAw1Dsv2_Jo_w,contains_word,word-presence-dataset_v1.1.csv,0,0
yCHXjHNktm0_e1,Stop that giggling in the back row!,example_sentence,,0,,giggle,yCHXjHNktm0_w,contains_word,word-presence-dataset_v1.1.csv,0,0
yCHXjHNktm0_e2,We giggled at the back of the room like naughty school children.,example_sentence,,0,,giggle,yCHXjHNktm0_w,contains_word,word-presence-dataset_v1.1.csv,0,0
yCHXjHNktm0_e3,He was giggling uncontrollably and had to leave the room to pull himself together.,example_sentence,,0,,giggle,yCHXjHNktm0_w,contains_word,word-presence-dataset_v1.1.csv,0,0
yCHXjHNktm0_e4,"When she suddenly started to sing, we all looked at each other and started to giggle.",example_sentence,,0,,giggle,yCHXjHNktm0_w,contains_word,word-presence-dataset_v1.1.csv,0,0
Yf5qwMvpGs0_e1,"My computer has a network interface, which allows me to get to other computers.",example_sentence,,0,,interface,Yf5qwMvpGs0_w,contains_word,word-presence-dataset_v1.1.csv,0,0
Yf5qwMvpGs0_e2,The computers must be properly interfaced.,example_sentence,,0,,interface,Yf5qwMvpGs0_w,contains_word,word-presence-dataset_v1.1.csv,0,0
Yf5qwMvpGs0_e3,We use email to interface with our customers.,example_sentence,,0,,interface,Yf5qwMvpGs0_w,contains_word,word-presence-dataset_v1.1.csv,0,0
Yf5qwMvpGs0_e4,Amphibians live at the interface of land and sea.,example_sentence,,0,,interface,Yf5qwMvpGs0_w,contains_word,word-presence-dataset_v1.1.csv,0,0
YHo9rHrUGP8_e1,I'm afraid to go there - that place has bad vibes.,example_sentence,,0,,vibes,YHo9rHrUGP8_w,contains_word,word-presence-dataset_v1.1.csv,0,0
yLYWaEPYJXE_e1,Put the vegetable peelings on the compost heap.,example_sentence,,0,,heap,yLYWaEPYJXE_w,contains_word,word-presence-dataset_v1.1.csv,0,0
yLYWaEPYJXE_e2,The bullet hit him and he crumpled into a heap on the floor.,example_sentence,,0,,heap,yLYWaEPYJXE_w,contains_word,word-presence-dataset_v1.1.csv,0,0
yLYWaEPYJXE_e3,She raked up all the fallen leaves into a heap.,example_sentence,,0,,heap,yLYWaEPYJXE_w,contains_word,word-presence-dataset_v1.1.csv,0,0
yLYWaEPYJXE_e4,Her belongings were scattered in various heaps around the room.,example_sentence,,0,,heap,yLYWaEPYJXE_w,contains_word,word-presence-dataset_v1.1.csv,0,0
YnvT2TZt17c_e1,He made an excuse for being late.,example_sentence,,0,,excuse,YnvT2TZt17c_w,contains_word,word-presence-dataset_v1.1.csv,0,0
YnvT2TZt17c_e2,"When I asked him why he was late, he gave me some excuse about having car trouble.",example_sentence,,0,,excuse,YnvT2TZt17c_w,contains_word,word-presence-dataset_v1.1.csv,0,0
YnvT2TZt17c_e3,You're always making excuses for not helping me.,example_sentence,,0,,excuse,YnvT2TZt17c_w,contains_word,word-presence-dataset_v1.1.csv,0,0
YnvT2TZt17c_e4,I don't want to hear your excuses.,example_sentence,,0,,excuse,YnvT2TZt17c_w,contains_word,word-presence-dataset_v1.1.csv,0,0
ypGaWed2-4o_e1,My eyelid has been tumid since yesterday.,example_sentence,,0,,tumid,ypGaWed2-4o_w,contains_word,word-presence-dataset_v1.1.csv,0,0
ypGaWed2-4o_e2,"He'd just been in a fight, and was nursing his tumid lip.",example_sentence,,0,,tumid,ypGaWed2-4o_w,contains_word,word-presence-dataset_v1.1.csv,0,0
ypGaWed2-4o_e3,a badly infected tumid leg,example_sentence,,0,,tumid,ypGaWed2-4o_w,contains_word,word-presence-dataset_v1.1.csv,0,0
ypGaWed2-4o_e4,"Before 1999, She was in very poor health and had insomnia. She often caught cold, fever, sore throat and tumid stomach.",example_sentence,,0,,tumid,ypGaWed2-4o_w,contains_word,word-presence-dataset_v1.1.csv,0,0
yT_roL9ern0_e1,There's always a buzzy atmosphere in the restaurant.,example_sentence,,0,,buzzy,yT_roL9ern0_w,contains_word,word-presence-dataset_v1.1.csv,0,0
yT_roL9ern0_e2,I can hear something buzzing.,example_sentence,,0,,buzzy,yT_roL9ern0_w,contains_word,word-presence-dataset_v1.1.csv,0,0
yT_roL9ern0_e3,The city was buzzing with the news.,example_sentence,,0,,buzzy,yT_roL9ern0_w,contains_word,word-presence-dataset_v1.1.csv,0,0
yT_roL9ern0_e4,My mind was buzzing with new ideas.,example_sentence,,0,,buzzy,yT_roL9ern0_w,contains_word,word-presence-dataset_v1.1.csv,0,0
Y-uc0ngCjrk_e1,This mistake must be remedied immediately.,example_sentence,,0,,remedy,Y-uc0ngCjrk_w,contains_word,word-presence-dataset_v1.1.csv,0,0
YuEOgnEL5-M_e1,"At school, we were compelled to wear uniforms, which I hated.",example_sentence,,0,,compel,YuEOgnEL5-M_w,contains_word,word-presence-dataset_v1.1.csv,0,0
YuEOgnEL5-M_e2,The law will compel employers to provide health insurance.,example_sentence,,0,,compel,YuEOgnEL5-M_w,contains_word,word-presence-dataset_v1.1.csv,0,0
YuEOgnEL5-M_e3,I can compel you to do what I want.,example_sentence,,0,,compel,YuEOgnEL5-M_w,contains_word,word-presence-dataset_v1.1.csv,0,0
YuEOgnEL5-M_e4,Please do not compel me to go into the revolting particulars.,example_sentence,,0,,compel,YuEOgnEL5-M_w,contains_word,word-presence-dataset_v1.1.csv,0,0
YuqMCQusc9I_e1,The car made a strange noise and then jerked to a halt.,example_sentence,,0,,jerk,YuqMCQusc9I_w,contains_word,word-presence-dataset_v1.1.csv,0,0
YuqMCQusc9I_e2,"What's wrong?"" she asked, jerking her head up.",example_sentence,,0,,jerk,YuqMCQusc9I_w,contains_word,word-presence-dataset_v1.1.csv,0,0
YuqMCQusc9I_e3,The alarm went off and he woke up with a jerk.,example_sentence,,0,,jerk,YuqMCQusc9I_w,contains_word,word-presence-dataset_v1.1.csv,0,0
YuqMCQusc9I_e4,"Due to a sudden call, she jerked her phone down on the floor.",example_sentence,,0,,jerk,YuqMCQusc9I_w,contains_word,word-presence-dataset_v1.1.csv,0,0
Yxi3agAUBXQ_e1,She resigned when she was relegated to a desk job.,example_sentence,,0,,relegate,Yxi3agAUBXQ_w,contains_word,word-presence-dataset_v1.1.csv,0,0
yxme3eH9KiI_e1,I'll think it over and give you an answer next week.,example_sentence,,0,,think over,yxme3eH9KiI_w,contains_word,word-presence-dataset_v1.1.csv,0,0
yxme3eH9KiI_e2,"I've thought over your offer, and I'd like to accept.",example_sentence,,0,,think over,yxme3eH9KiI_w,contains_word,word-presence-dataset_v1.1.csv,0,0
yxme3eH9KiI_e3,He asked if he could think the proposal over before giving an answer.,example_sentence,,0,,think over,yxme3eH9KiI_w,contains_word,word-presence-dataset_v1.1.csv,0,0
yxme3eH9KiI_e4,"I said she could come and live with us, and she said she'd think it over.",example_sentence,,0,,think over,yxme3eH9KiI_w,contains_word,word-presence-dataset_v1.1.csv,0,0
yy5l6mYvqIg_e1,"At the age of 45, she finally fulfilled her ambition to run a marathon.",example_sentence,,0,,fulfil,yy5l6mYvqIg_w,contains_word,word-presence-dataset_v1.1.csv,0,0
yy5l6mYvqIg_e2,He has failed to fulfill his duties as a father.,example_sentence,,0,,fulfil,yy5l6mYvqIg_w,contains_word,word-presence-dataset_v1.1.csv,0,0
yy5l6mYvqIg_e3,She doubts whether she'll ever be able to fulfill her ambition.,example_sentence,,0,,fulfil,yy5l6mYvqIg_w,contains_word,word-presence-dataset_v1.1.csv,0,0
yy5l6mYvqIg_e4,John was able to fulfil himself through writing.,example_sentence,,0,,fulfil,yy5l6mYvqIg_w,contains_word,word-presence-dataset_v1.1.csv,0,0
yYAuTrPtnxc_e1,I'm a bit concerned about/for your health.,example_sentence,,0,,concerned,yYAuTrPtnxc_w,contains_word,word-presence-dataset_v1.1.csv,0,0
y_zV7Qkiyeo_e1,I had to have a medical examination when I joined the pension,example_sentence,,0,,examination,y_zV7Qkiyeo_w,contains_word,word-presence-dataset_v1.1.csv,0,0
_z-285qczGg_e1,"We binge-watched an entire season of ""Breaking Bad"" on Sunday.",example_sentence,,0,,binge-watch,_z-285qczGg_w,contains_word,word-presence-dataset_v1.1.csv,0,0
_z-285qczGg_e2,My sister is coming over to binge watch Netflix shows and eat popcorn for the rest of the night.,example_sentence,,0,,binge-watch,_z-285qczGg_w,contains_word,word-presence-dataset_v1.1.csv,0,0
_z-285qczGg_e3,More people are binge-watching their favorite shows thanks to video streaming.,example_sentence,,0,,binge-watch,_z-285qczGg_w,contains_word,word-presence-dataset_v1.1.csv,0,0
_z-285qczGg_e4,Please prepare to binge-watch the full list below.,example_sentence,,0,,binge-watch,_z-285qczGg_w,contains_word,word-presence-dataset_v1.1.csv,0,0
Z30Ak743EEM_e1,Have I got time to zap into town and do some shopping?,example_sentence,,0,,zap,Z30Ak743EEM_w,contains_word,word-presence-dataset_v1.1.csv,0,0
Z5lCjz9u0c4_e1,She carried on watching the TV,example_sentence,,0,,carry on,Z5lCjz9u0c4_w,contains_word,word-presence-dataset_v1.1.csv,0,0
Z5lCjz9u0c4_e2,Carry on with your work while I'm away.,example_sentence,,0,,carry on,Z5lCjz9u0c4_w,contains_word,word-presence-dataset_v1.1.csv,0,0
Z5lCjz9u0c4_e3,The assistant carried on talking.,example_sentence,,0,,carry on,Z5lCjz9u0c4_w,contains_word,word-presence-dataset_v1.1.csv,0,0
Z5lCjz9u0c4_e4,Do you mind if I just start with the few formal questions please?'—'Carry on.',example_sentence,,0,,carry on,Z5lCjz9u0c4_w,contains_word,word-presence-dataset_v1.1.csv,0,0
Z8hLyxzQwK4_e1,"If you have any queries about your treatment, the doctor will answer them.",example_sentence,,0,,query,Z8hLyxzQwK4_w,contains_word,word-presence-dataset_v1.1.csv,0,0
z9dv8_dss7E_e1,"He was forceful, but by no means a zealot.",example_sentence,,0,,zealot,z9dv8_dss7E_w,contains_word|defines_word,word-description-dataset_v1.1.csv|word-presence-dataset_v1.1.csv,0,0
zAx6PRxBMaM_e1,Road repair work has aggravated the problem of traffic congestion.,example_sentence,,0,,aggravation,zAx6PRxBMaM_w,contains_word,word-presence-dataset_v1.1.csv,0,0
zAzM7hFn3kE_e1,Please settle your bill without further delay.,example_sentence,,0,,settle,zAzM7hFn3kE_w,contains_word,word-presence-dataset_v1.1.csv,0,0
zdwZy6pMJwk_e1,She admitted (that) she had made a mistake.,example_sentence,,0,,admit,zdwZy6pMJwk_w,contains_word,word-presence-dataset_v1.1.csv,0,0
zdwZy6pMJwk_e2,"I wasn't entirely honest with him, I admit.",example_sentence,,0,,admit,zdwZy6pMJwk_w,contains_word,word-presence-dataset_v1.1.csv,0,0
zdwZy6pMJwk_e3,The gang admitted they had committed four recent bank robberies.,example_sentence,,0,,admit,zdwZy6pMJwk_w,contains_word,word-presence-dataset_v1.1.csv,0,0
ZEZpV4qEQDw_e1,That actor really resembles my brother.,example_sentence,,0,,resemble,ZEZpV4qEQDw_w,contains_word,word-presence-dataset_v1.1.csv,0,0
Zfvba8MyFPY_e1,He'd been a maker of fine furniture for 20 years,example_sentence,,0,,maker,Zfvba8MyFPY_w,contains_word,word-presence-dataset_v1.1.csv,0,0
z_H7F89q_Kw_e1,The area has been ravaged by drought/floods/war.,example_sentence,,0,,ravage,z_H7F89q_Kw_w,contains_word,word-presence-dataset_v1.1.csv,0,0
ZiNB03yroDw_e1,The feeling or belief that something will or should happen,example_sentence,,0,,expectation,ZiNB03yroDw_w,contains_word,word-presence-dataset_v1.1.csv,0,0
ZjGAKalxAYU_e1,The statistics reflect a change in people's spending habits.,example_sentence,,0,,reflect,ZjGAKalxAYU_w,contains_word,word-presence-dataset_v1.1.csv,0,0
ZjGAKalxAYU_e2,His blank face reflected his boredom.,example_sentence,,0,,reflect,ZjGAKalxAYU_w,contains_word,word-presence-dataset_v1.1.csv,0,0
ZjGAKalxAYU_e3,They argue that the membership of the Council does not reflect the racial make-up of the city.,example_sentence,,0,,reflect,ZjGAKalxAYU_w,contains_word,word-presence-dataset_v1.1.csv,0,0
ZjGAKalxAYU_e4,These subjects reflect their daily lives.,example_sentence,,0,,reflect,ZjGAKalxAYU_w,contains_word,word-presence-dataset_v1.1.csv,0,0
ZkPqEGgCxaY_e1,They believe it is the duty of women to live for others in complete abnegation of themselves.,example_sentence,,0,,abnegation,ZkPqEGgCxaY_w,contains_word,word-presence-dataset_v1.1.csv,0,0
ZkPqEGgCxaY_e2,This abnegation of customer care really annoys me.,example_sentence,,0,,abnegation,ZkPqEGgCxaY_w,contains_word,word-presence-dataset_v1.1.csv,0,0
ZkPqEGgCxaY_e3,The sticking point in faith for me was abnegation.,example_sentence,,0,,abnegation,ZkPqEGgCxaY_w,contains_word,word-presence-dataset_v1.1.csv,0,0
ZkPqEGgCxaY_e4,It is a heart-warming tale of courage and abnegation.,example_sentence,,0,,abnegation,ZkPqEGgCxaY_w,contains_word,word-presence-dataset_v1.1.csv,0,0
ZP09uzf6uF8_e1,The author provides a clear definition of cultural awareness.,example_sentence,,0,,awareness,ZP09uzf6uF8_w,contains_word,word-presence-dataset_v1.1.csv,0,0
ZP09uzf6uF8_e2,We need to raise public awareness of the issue,example_sentence,,0,,awareness,ZP09uzf6uF8_w,contains_word,word-presence-dataset_v1.1.csv,0,0
ZP09uzf6uF8_e3,Environmental awareness has increased over the years.,example_sentence,,0,,awareness,ZP09uzf6uF8_w,contains_word,word-presence-dataset_v1.1.csv,0,0
ZP09uzf6uF8_e4,There is a general awareness that smoking is harmful.,example_sentence,,0,,awareness,ZP09uzf6uF8_w,contains_word,word-presence-dataset_v1.1.csv,0,0
ZPF9GduJXiA_e1,He is a miser - he complains about having to pay for anything.,example_sentence,,0,,miser,ZPF9GduJXiA_w,contains_word,word-presence-dataset_v1.1.csv,0,0
zpkJNsXgyCk_e1,Benedict Arnold betrayed his country.,example_sentence,,0,,betray,zpkJNsXgyCk_w,contains_word,word-presence-dataset_v1.1.csv,0,0
zpkJNsXgyCk_e2,He promised never to betray his wife (= never to leave her for another person).,example_sentence,,0,,betray,zpkJNsXgyCk_w,contains_word,word-presence-dataset_v1.1.csv,0,0
zpkJNsXgyCk_e3,I trusted him and he betrayed me.,example_sentence,,0,,betray,zpkJNsXgyCk_w,contains_word,word-presence-dataset_v1.1.csv,0,0
zpkJNsXgyCk_e4,He won't betray his brothers.,example_sentence,,0,,betray,zpkJNsXgyCk_w,contains_word,word-presence-dataset_v1.1.csv,0,0
Zpw0RLxTNoA_e1,He's only 24 years old and a drug addict.,example_sentence,,0,,addict,Zpw0RLxTNoA_w,contains_word,word-presence-dataset_v1.1.csv,0,0
Zpw0RLxTNoA_e2,She is a TV addict and watches as much as she can,example_sentence,,0,,addict,Zpw0RLxTNoA_w,contains_word,word-presence-dataset_v1.1.csv,0,0
Zpw0RLxTNoA_e3,a gambling addict,example_sentence,,0,,addict,Zpw0RLxTNoA_w,contains_word,word-presence-dataset_v1.1.csv,0,0
Zpw0RLxTNoA_e4,He was a video game addict.,example_sentence,,0,,addict,Zpw0RLxTNoA_w,contains_word,word-presence-dataset_v1.1.csv,0,0
ZtpWFfDRU3k_e1,We plan to hike from lake to lake.,example_sentence,,0,,hike,ZtpWFfDRU3k_w,contains_word,word-presence-dataset_v1.1.csv,0,0
ZtpWFfDRU3k_e2,They went on a 10 km hike through the forest.,example_sentence,,0,,hike,ZtpWFfDRU3k_w,contains_word,word-presence-dataset_v1.1.csv,0,0
ZtpWFfDRU3k_e3,She loves to hike and climb.,example_sentence,,0,,hike,ZtpWFfDRU3k_w,contains_word,word-presence-dataset_v1.1.csv,0,0
zuG7NoktUUk_e1,"I was intrigued by his slow, deliberate way of talking and the serious look in his eyes.",example_sentence,,0,,intrigue,zuG7NoktUUk_w,contains_word,word-presence-dataset_v1.1.csv,0,0
Zuk10Ula-LI_e1,dressed in an immaculate white suit,example_sentence,,0,,immaculate,Zuk10Ula-LI_w,contains_word,word-presence-dataset_v1.1.csv,0,0
Zuk10Ula-LI_e2,He gave an immaculate performance.,example_sentence,,0,,immaculate,Zuk10Ula-LI_w,contains_word,word-presence-dataset_v1.1.csv,0,0
Zuk10Ula-LI_e3,My aunt's kitchen was always immaculate.,example_sentence,,0,,immaculate,Zuk10Ula-LI_w,contains_word,word-presence-dataset_v1.1.csv,0,0
Zuk10Ula-LI_e4,The first person writes a brilliant paper in immaculate prose.,example_sentence,,0,,immaculate,Zuk10Ula-LI_w,contains_word,word-presence-dataset_v1.1.csv,0,0
Zv9uPzMreHQ_e1,I hope this will convince you to change your mind.,example_sentence,,0,,convince,Zv9uPzMreHQ_w,contains_word,word-presence-dataset_v1.1.csv,0,0
Zv9uPzMreHQ_e2,We tried to convince my grandfather to live with us.,example_sentence,,0,,convince,Zv9uPzMreHQ_w,contains_word,word-presence-dataset_v1.1.csv,0,0
Zv9uPzMreHQ_e3,We were able to convince the students of the need for wider reading.,example_sentence,,0,,convince,Zv9uPzMreHQ_w,contains_word,word-presence-dataset_v1.1.csv,0,0
Zv9uPzMreHQ_e4,I've been trying to convince her to come with me.,example_sentence,,0,,convince,Zv9uPzMreHQ_w,contains_word,word-presence-dataset_v1.1.csv,0,0
zvUzEhxfpnw_e1,Statistics disprove the myth that women are worse drivers than men.,example_sentence,,0,,myth,zvUzEhxfpnw_w,contains_word,word-presence-dataset_v1.1.csv,0,0
ZxK9btlGW3k_e1,He was forced to make several revisions to his speech.,example_sentence,,0,,revision,ZxK9btlGW3k_w,contains_word,word-presence-dataset_v1.1.csv,0,0
ZxK9btlGW3k_e2,I have got the revision of his dictionary.,example_sentence,,0,,revision,ZxK9btlGW3k_w,contains_word,word-presence-dataset_v1.1.csv,0,0
ZxK9btlGW3k_e3,This edition is filled with revisions.,example_sentence,,0,,revision,ZxK9btlGW3k_w,contains_word,word-presence-dataset_v1.1.csv,0,0
zY6iSs8xJKE_e1,The former dockyard has been zoned for industrial use.,example_sentence,,0,,zone,zY6iSs8xJKE_w,contains_word,word-presence-dataset_v1.1.csv,0,0
